asset_key,project_name,asset_name,endpoint_a,endpoint_b,voltage_kv,route_status,route_method,review_note,resolution_requirement,geometry,distance_km,hops,start_snap_km,end_snap_km,osm_way_ids,way_names,operators,unknown_voltage_edge_count,source,attribution,license
SC:scrtp_projects.pdf:10:5392 A-C:1,Coit – Gills Creek 115kV: Construct,Coit - Gills Creek existing 33 kV line,Coit,Gills Creek,33.0,endpoint_anchor_missing,,"OSM network exists, but one or both endpoint coordinates are still unresolved.",standard_public_gis,,,,,,,,,,,,
SC:scrtp_projects.pdf:20:6809 G:2,Hooks - Modoc 115/46 kV Rebuild,Hooks - Modoc 46 kV,Hooks,Modoc,46.0,endpoint_anchor_missing,,"OSM network exists, but one or both endpoint coordinates are still unresolved.",standard_public_gis,,,,,,,,,,,,
SC:scrtp_projects.pdf:23:6810 U:1,Cameron Jct – Elloree 46 kV Rebuild,Cameron Jct - Elloree,Cameron Jct,Elloree,46.0,resolved,osm_voltage_graph,Route uses actual OSM line geometry.,standard_public_gis,"{""type"":""LineString"",""coordinates"":[[-80.7087659,33.5637968],[-80.7086034,33.563091],[-80.7083923,33.5622046],[-80.7082172,33.5613724],[-80.7080705,33.5607078],[-80.7078772,33.5598954],[-80.7077166,33.5590773],[-80.7074751,33.5580223],[-80.7073431,33.5574691],[-80.7072215,33.5568343],[-80.7066772,33.5562759],[-80.7060533,33.5556208],[-80.7054536,33.5549912],[-80.7049981,33.5545129],[-80.7042608,33.5537386],[-80.7036725,33.5531209],[-80.703042,33.5524625],[-80.7024587,33.551817],[-80.7019183,33.5511496],[-80.7013377,33.5504613],[-80.700739,33.5497872],[-80.7001481,33.5490753],[-80.699608,33.5484245],[-80.6990199,33.547716],[-80.6984558,33.5470363],[-80.6979285,33.5463698],[-80.6973547,33.5456928],[-80.6967749,33.5450023],[-80.6962102,33.5443296],[-80.6956455,33.5436569],[-80.6950868,33.5429854],[-80.6945137,33.5422966],[-80.6939702,33.5416433],[-80.693419,33.5409808],[-80.6928534,33.5403009],[-80.6922874,33.5396206],[-80.6917298,33.5389504],[-80.6911651,33.5382716],[-80.690653,33.537656],[-80.6901845,33.5370928],[-80.6896872,33.5364951],[-80.6891631,33.5358651],[-80.6886664,33.5352681],[-80.687991,33.5344562],[-80.6873288,33.5336601],[-80.6867876,33.5330096],[-80.6862671,33.5323845],[-80.6857394,33.5317507],[-80.6851372,33.5310124],[-80.6845662,33.5303416],[-80.6840123,33.5296763],[-80.6834302,33.5289772],[-80.6828777,33.5283136],[-80.6823159,33.5276387],[-80.6817381,33.5269447],[-80.6805953,33.5255721],[-80.6800151,33.5248752],[-80.6794466,33.5241923],[-80.6788641,33.5234926],[-80.6783066,33.522823],[-80.6777492,33.5221534],[-80.6771877,33.5214763],[-80.6766282,33.5208017],[-80.6760613,33.5201182],[-80.6754897,33.5194291],[-80.6749203,33.5187445],[-80.674434,33.5181599],[-80.6739636,33.5175715],[-80.6732115,33.5173611],[-80.6723609,33.5171031],[-80.6714652,33.5168313],[-80.6705778,33.5165621],[-80.6694289,33.5162136],[-80.6683547,33.5158838],[-80.667263,33.5160454],[-80.6659698,33.5162368],[-80.6646749,33.516423],[-80.6633728,33.5166103],[-80.6620839,33.5167956],[-80.6608765,33.5169693],[-80.6593311,33.5171915],[-80.6578239,33.5174083],[-80.6565176,33.5175961],[-80.6552114,33.517784],[-80.6539477,33.5179657],[-80.6516001,33.5183033],[-80.6504534,33.5184682],[-80.6491676,33.5186531],[-80.6480213,33.5188272],[-80.6468749,33.5190012],[-80.6463093,33.5190827],[-80.6455078,33.5191982],[-80.6445032,33.5193429],[-80.6434883,33.5194915],[-80.6421774,33.5196892],[-80.6409772,33.5198652],[-80.6395902,33.5200519],[-80.6385444,33.5202041],[-80.6372464,33.5204355],[-80.6361571,33.5206371],[-80.6350111,33.5208492],[-80.6339119,33.5210527],[-80.632753,33.5212672],[-80.6316214,33.5214758],[-80.63035,33.5217102],[-80.6291218,33.5219367],[-80.6279818,33.5221468],[-80.6268024,33.5223643],[-80.6257136,33.522565],[-80.6245182,33.5227854],[-80.6235012,33.5229728],[-80.622409,33.5231742],[-80.6215332,33.5233356],[-80.6206222,33.5235036],[-80.6197076,33.5236722],[-80.6187901,33.5238414],[-80.6175269,33.5240736],[-80.616626,33.5242393],[-80.615725,33.524405],[-80.6148419,33.5243659],[-80.6139851,33.524314],[-80.613106,33.5246765],[-80.6122861,33.5250322],[-80.6113639,33.5252041],[-80.6102173,33.5254179],[-80.608801,33.525682],[-80.6078413,33.5258609],[-80.6066409,33.5260825],[-80.6055884,33.5262769],[-80.6045304,33.5264723],[-80.603553,33.5266528],[-80.6022705,33.5268896],[-80.6011493,33.5270966],[-80.5999921,33.5273103],[-80.5988315,33.5275247],[-80.5976713,33.5277389],[-80.596566,33.5279351],[-80.5952731,33.5281645],[-80.5940283,33.5283854],[-80.5929862,33.5285884],[-80.5921236,33.5283048],[-80.5914992,33.5280544],[-80.5914091,33.5279489],[-80.5910672,33.5281531],[-80.5912526,33.5291935],[-80.5909063,33.5293186],[-80.5900241,33.5296702],[-80.589142,33.5300218],[-80.5882212,33.5303647],[-80.5873282,33.5307262],[-80.5864231,33.5310475],[-80.5855259,33.5313957],[-80.5846144,33.531757],[-80.5837378,33.5321045],[-80.5828997,33.5324228],[-80.581873,33.5328126],[-80.5809495,33.5331633],[-80.5803485,33.5327301],[-80.5798316,33.5324648],[-80.5797485,33.5324259]]}",15.3391342071286,159.0,0.02427000460445681,0.00256303436330285,"[12139895, 1077428678]",[NaN],[NaN],0.0,OpenStreetMap,© OpenStreetMap contributors,ODbL
SC:scrtp_projects.pdf:25:6810 J:1,Elloree – Santee City 46 kV: Rebuild,Elloree - Santee City,Elloree,Santee City,46.0,endpoint_anchor_missing,,"OSM network exists, but one or both endpoint coordinates are still unresolved.",standard_public_gis,,,,,,,,,,,,
SC:scrtp_projects.pdf:26:6810 O:1,Urquhart – Aiken PSA 46 kV: Rebuild,Urquhart - Aiken PSA tap point,Urquhart,Aiken PSA,46.0,endpoint_anchor_missing,,"OSM network exists, but one or both endpoint coordinates are still unresolved.",standard_public_gis,,,,,,,,,,,,
SC:scrtp_projects.pdf:28:6809 I2:1,Adams Run – Red House Road 46 kV: Replace Dawhoo River Crossing and other Structures,Adams Run - Red House Road listed structures,Adams Run,Red House Road,46.0,endpoint_anchor_missing,,"OSM network exists, but one or both endpoint coordinates are still unresolved.",standard_public_gis,,,,,,,,,,,,
SC:scrtp_projects.pdf:35:6809 F:1,Orangeburg #1 - Cameron Jct 46kV Line Rebuild,Orangeburg #1 - Cameron Jct,Orangeburg #1,Cameron Jct,46.0,endpoint_anchor_missing,,"OSM network exists, but one or both endpoint coordinates are still unresolved.",standard_public_gis,,,,,,,,,,,,
SC:scrtp_projects.pdf:40:6810 T:1,Cameron Jct – Cameron – St Matthews 46 kV Rebuild,Cameron Jct - Cameron,Cameron Jct,Cameron,46.0,resolved,osm_voltage_graph,Route uses actual OSM line geometry.,standard_public_gis,"{""type"":""LineString"",""coordinates"":[[-80.7087659,33.5637968]]}",0.0,0.0,0.02427000460445681,0.02427000460445681,[],[],[],0.0,OpenStreetMap,© OpenStreetMap contributors,ODbL
SC:scrtp_projects.pdf:40:6810 T:2,Cameron Jct – Cameron – St Matthews 46 kV Rebuild,Cameron - St Matthews,Cameron,St Matthews,46.0,endpoint_anchor_missing,,"OSM network exists, but one or both endpoint coordinates are still unresolved.",standard_public_gis,,,,,,,,,,,,
SC:scrtp_projects.pdf:48:6809 M:2,Modoc – McCormick 115/46 kV Rebuild,Modoc - McCormick 46 kV,Modoc,McCormick,46.0,unresolved,,"Both endpoint locations exist, but no connected OSM path was found within the snap/route limits.",standard_public_gis,,,,,,,,,,,,
SC:scrtp_projects.pdf:50:6810 N:1,Calhoun County - North 46 kV Rebuild,Calhoun County - North,Calhoun County,North,46.0,endpoint_anchor_missing,,"OSM network exists, but one or both endpoint coordinates are still unresolved.",standard_public_gis,,,,,,,,,,,,
