state,zone,plan_year,project_id,project_name,need_date_raw,project_sponsor,estimated_cost_gpc_raw,estimated_cost_gtc_raw,estimated_cost_meag_raw,estimated_cost_du_raw,estimated_cost_total_raw,source_file,source_pdf_page,source_plan_page,source_url,need_date,description,description_section,description_source_file,description_pdf_page,description_plan_page,strategic_summary,strategic_source_file,strategic_pdf_first_page,strategic_plan_first_page,strategic_pdf_last_page,strategic_plan_last_page,utility
GA,216,2025,18492,MITCHELL - NORTH TIFTON 230KV RECONDUCTOR,5/1/2025,GPC,REDACTED,REDACTED,REDACTED,REDACTED,REDACTED,01_expansion_plan_projects.pdf,1,7,https://psc.ga.gov/search/facts-document/?documentId=221233,2025-05-01,Rebuild 35.21 miles of the Mitchell - North Tifton 230kV line from 100C 795 ACSR to 100C 1351 ACSR.,Steady state,05_steady_state_projects.pdf,4,63,,,,,,,GPC
GA,206,2025,19676,ADAMSVILLE - JACK MCDONOUGH 230KV LINE REBUILD,6/1/2025,GPC,REDACTED,REDACTED,REDACTED,REDACTED,REDACTED,01_expansion_plan_projects.pdf,1,7,https://psc.ga.gov/search/facts-document/?documentId=221233,2025-06-01,Rebuild the entire 6.1 mile Adamsville - Jack McDonough 230kV line with 160C 1351 ACSS.,Steady state,05_steady_state_projects.pdf,5,64,,,,,,,GPC
GA,214,2025,18800,ECHECONNEE-WELLSTON 115KV REBUILD,6/1/2025,GPC,REDACTED,REDACTED,REDACTED,REDACTED,REDACTED,01_expansion_plan_projects.pdf,1,7,https://psc.ga.gov/search/facts-document/?documentId=221233,2025-06-01,Rebuild the South Warner Robins to Wellston section (1.2 miles) with 100C 1351.5 ACSR Martin conductor.,Steady state,05_steady_state_projects.pdf,6,65,,,,,,,GPC
GA,211,2025,19187,GRID - BREMEN - CROOKED CREEK (APC) 115 KV PROJECT,6/1/2025,GPC,REDACTED,REDACTED,REDACTED,REDACTED,REDACTED,01_expansion_plan_projects.pdf,1,7,https://psc.ga.gov/search/facts-document/?documentId=221233,2025-06-01,"Rebuild from Bremen to Indian Creek Road, on the Bremen - Crooked Creek 115kV line (14 miles), using 795 ACSR conductor at 100C.",Steady state,05_steady_state_projects.pdf,7,66,,,,,,,GPC
GA,218,2025,11821,JESUP - LUDOWICI PRIMARY 115KV REBUILD,6/1/2025,GPC,REDACTED,REDACTED,REDACTED,REDACTED,REDACTED,01_expansion_plan_projects.pdf,1,7,https://psc.ga.gov/search/facts-document/?documentId=221233,2025-06-01,Rebuild approximately 7.5 miles of the Jesup - North Jesup - Rayonier section of the Jesup - Ludowici Primary 115kV line from 100C 336.4 ACSR Linnet conductor to 100C 795 ACSR Drake conductor.,Steady state,05_steady_state_projects.pdf,11,70,,,,,,,GPC
GA,202,2025,20464,NORCROSS 230KV BUS 1-3 SERIES BUS TIE BREAKER INSTALLATION,6/1/2025,GPC,REDACTED,REDACTED,REDACTED,REDACTED,REDACTED,01_expansion_plan_projects.pdf,1,7,https://psc.ga.gov/search/facts-document/?documentId=221233,2025-06-01,Install a bus tie breaker in series with existing bus tie breaker between 230kV Bus 1 and Bus 3 at Norcross.,Steady state,05_steady_state_projects.pdf,14,73,,,,,,,GPC
GA,216,2025,19631,PINE GROVE PRIMARY 115 KV DUAL STAGE CAPACITOR BANK,6/1/2025,GPC,REDACTED,REDACTED,REDACTED,REDACTED,REDACTED,01_expansion_plan_projects.pdf,2,8,https://psc.ga.gov/search/facts-document/?documentId=221233,2025-06-01,Install a Dual Stage 30MVAR capacitor bank at Pine Grove Primary.,Steady state,05_steady_state_projects.pdf,15,74,,,,,,,GPC
GA,214,2025,20466,SMART VALVE INSTALLATION,6/1/2025,GPC,REDACTED,REDACTED,REDACTED,REDACTED,REDACTED,01_expansion_plan_projects.pdf,2,8,https://psc.ga.gov/search/facts-document/?documentId=221233,2025-06-01,Installation of Smart Valve devices inside the Eatonton Primary substation on the Branch - Oasis 230kV and Eatonton Primary - Oasis 230kV lines.,Steady state,05_steady_state_projects.pdf,17,76,,,,,,,GPC
GA,218,2025,21046,THALMANN AND COLERAIN 23O KV LINE RELAY PANEL UPGRADES,6/1/2025,GPC,REDACTED,REDACTED,REDACTED,REDACTED,REDACTED,01_expansion_plan_projects.pdf,2,8,https://psc.ga.gov/search/facts-document/?documentId=221233,2025-06-01,Relay protection modifications at GPC's Thalmann and Colerain substations to match relay scheme used at GTC's new Camden Industrial Park 230/115kV substation.,Stability,02_stability_projects.pdf,2,44,,,,,,,GPC
GA,211,2025,20431,VILLA RICA LOW SIDE BREAKER,6/1/2025,GPC,REDACTED,REDACTED,REDACTED,REDACTED,REDACTED,01_expansion_plan_projects.pdf,2,8,https://psc.ga.gov/search/facts-document/?documentId=221233,2025-06-01,Replace a low side breaker at Villa Rica with a 4000A breaker.,Steady state,05_steady_state_projects.pdf,18,77,,,,,,,GPC
GA,218,2025,20684,CAMDEN INDUSTRIAL PARK (GPC),6/1/2025,GPC,REDACTED,REDACTED,REDACTED,REDACTED,REDACTED,01_expansion_plan_projects.pdf,2,8,https://psc.ga.gov/search/facts-document/?documentId=221233,2025-06-01,This project will loop in GPC's existing Colerain to Thalman 230kV line into GTC's new Camden Industrial Park station. GPC's Kingsland termination at GTC's Kinlaw sub will be relocated to a new 115kV bay position.,Steady state,05_steady_state_projects.pdf,19,78,,,,,,,GPC
GA,206,2025,18889,JEFFERSON STREET#3 - NORTHWEST (WHITE) 115 KV RECONDUCTOR,12/1/2025,GPC,REDACTED,REDACTED,REDACTED,REDACTED,REDACTED,01_expansion_plan_projects.pdf,2,8,https://psc.ga.gov/search/facts-document/?documentId=221233,2025-12-01,Rebuild the 115kV White line from Northwest to Jefferson Street #3 (1.2 miles) with 200C 1351 ACSS conductor.,Steady state,05_steady_state_projects.pdf,21,80,,,,,,,GPC
GA,212,2025,20326,ANTHONY SHOALS STATCOM SYSTEM,12/31/2025,GPC,REDACTED,REDACTED,REDACTED,REDACTED,REDACTED,01_expansion_plan_projects.pdf,2,8,https://psc.ga.gov/search/facts-document/?documentId=221233,2025-12-31,Install a + 150 / - 150 MVAR turnkey STATCOM system at Anthony Shoals 230kV substation.,Stability,02_stability_projects.pdf,3,45,,,,,,,GPC
GA,211,2025,20152,CC - CASS PINE- HILL VIEW 230 KV LINE- CC IMPROVEMENTS,12/31/2025,GPC,REDACTED,REDACTED,REDACTED,REDACTED,REDACTED,01_expansion_plan_projects.pdf,2,8,https://psc.ga.gov/search/facts-document/?documentId=221233,2025-12-31,Build a new 7.58 mile 200C 1351 ACSS conductor 230kV line between new Cass Pine and Hill View 230kV substations.,Steady state,05_steady_state_projects.pdf,22,81,,,,,,,GPC
GA,211,2025,20175,CC - PROJECT CHRONOS- SK/HYUNDAI,12/31/2025,GPC,REDACTED,REDACTED,REDACTED,REDACTED,REDACTED,01_expansion_plan_projects.pdf,2,8,https://psc.ga.gov/search/facts-document/?documentId=221233,2025-12-31,GPC will build a 230/25kV station named Two Run Ranch and loop it into the Cartersville - Pinson 230kV line to serve SK Battery/Hyundai and new load in the area.,Steady state,05_steady_state_projects.pdf,23,82,,,,,,,GPC
GA,208,2026,20018,CC - QTS FAYETTEVILLE TRANSMISSION NEEDS,4/1/2026,GPC,REDACTED,REDACTED,REDACTED,REDACTED,REDACTED,01_expansion_plan_projects.pdf,2,8,https://psc.ga.gov/search/facts-document/?documentId=221233,2026-04-01,"Build a new 500/230kV substation (Ashley Park) splitting the Ohara - Union City 500kV line. Install two 500/230kV auto transformers at the Ashley Park station. At Ashley Park, the 500kV side will be a 4 - breaker ring bus, while the 230kV side will be a 2 - rung Breaker and a Half configuration. Build two new 230kV lines (~6 miles each) from Ashley Park to the high side of customer substations. The new lines will be built with bundled 200C 1351 ACSS Martin conductor.",Steady state,05_steady_state_projects.pdf,26,85,,,,,,,GPC
GA,208,2026,19597,ADAMSVILLE - BUZZARD ROOST 230KV REBUILD AND JUMPER UPGRADE,6/1/2026,GPC,REDACTED,REDACTED,REDACTED,REDACTED,REDACTED,01_expansion_plan_projects.pdf,3,9,https://psc.ga.gov/search/facts-document/?documentId=221233,2026-06-01,Rebuild the line sections from Adamsville to Boat Rock Road (8.08 miles) on the Adamsville - Buzzard Roost 230kV line with 200C 1351 ACSS Martin conductor. Replace the AAC 750 jumper on the line at Adamsville with (2) 1590 AAC jumper. Replace 1590 AAC jumpers at Bakers Ferry and Boat Rock with (2) 1590 AAC jumpers. Replace 1600A line switches at Boat Rock with 3000A switches.,Steady state,05_steady_state_projects.pdf,27,86,,,,,,,GPC
GA,201,2026,18960,BLANKETS CREEK – WOODSTOCK 115KV LINE REBUILD,6/1/2026,GPC,REDACTED,REDACTED,REDACTED,REDACTED,REDACTED,01_expansion_plan_projects.pdf,3,9,https://psc.ga.gov/search/facts-document/?documentId=221233,2026-06-01,"Rebuild the entire Blankets Creek - Woodstock 115kV line, approximately 7.1 miles, with 200C 795 ACSS conductor.",Steady state,05_steady_state_projects.pdf,28,87,,,,,,,GPC
GA,201,2026,20243,CC - GARRETT ROAD SWITCHING STATION - TRAE LANE,6/1/2026,GPC,REDACTED,REDACTED,REDACTED,REDACTED,REDACTED,01_expansion_plan_projects.pdf,3,9,https://psc.ga.gov/search/facts-document/?documentId=221233,2026-06-01,Build the new Garrett Road 230kV switching station (three - element ring bus) splitting the Villa Rica - West Marietta 230kV line. Build a new 230kV line (8.6 miles) from the Trae Lane substation to the Garrett Road switching station with bundled 100C 1351 ACSR conductor.,Steady state,05_steady_state_projects.pdf,29,88,,,,,,,GPC
GA,208,2026,20216,CC - STONEWALL TELL ROAD (TA REALTY),6/1/2026,GPC,REDACTED,REDACTED,REDACTED,REDACTED,REDACTED,01_expansion_plan_projects.pdf,3,9,https://psc.ga.gov/search/facts-document/?documentId=221233,2026-06-01,"Build 230kV line segment, using 200C 1351 ACSS Martin conductor, to loop in the Stonewall Tell Road (TA Realty) customer station into the East Point - Union City 230kV Black line.",Steady state,05_steady_state_projects.pdf,30,89,,,,,,,GPC
GA,208,2026,20491,EAST POINT RELAY MODERNIZATION,6/1/2026,GPC,REDACTED,REDACTED,REDACTED,REDACTED,REDACTED,01_expansion_plan_projects.pdf,3,9,https://psc.ga.gov/search/facts-document/?documentId=221233,2026-06-01,"Upgrade protection on 230kV buses, 115kV buses, and 230/115kV auto transformer at the East Point station. Add adequate monitoring on DC supply.",Stability,02_stability_projects.pdf,5,47,,,,,,,GPC
GA,215,2026,16007,FENWICK STREET - SAND BAR FERRY 115KV (RECONDUCTOR/REBUILD),6/1/2026,GPC,REDACTED,REDACTED,REDACTED,REDACTED,REDACTED,01_expansion_plan_projects.pdf,3,9,https://psc.ga.gov/search/facts-document/?documentId=221233,2026-06-01,Reconductor approximately 2.72 miles of transmission line from Fenwick St to East Augusta Jct. with 100C 1351 ACSR conductor.,Steady state,05_steady_state_projects.pdf,32,91,,,,,,,GPC
GA,213,2026,20516,"GOAT ROCK 230KV SWITCH, JUMPER, & LINE TRAP REPLACEMENT",6/1/2026,GPC,REDACTED,REDACTED,REDACTED,REDACTED,REDACTED,01_expansion_plan_projects.pdf,3,9,https://psc.ga.gov/search/facts-document/?documentId=221233,2026-06-01,"Replace the 230kV 1200A switch with 3000A, 90C 1351.5 ACSR Martin jumper with (2) AAC 1590, and 1600A line trap with 3000A (part of the Goat Rock - North Opelika 230kV line at Goat Rock substation.",Steady state,05_steady_state_projects.pdf,33,92,,,,,,,GPC
GA,214,2026,19618,GORDON-N DUBLIN 115KV (GORDON-ENGL MCI J) REBUILD,6/1/2026,GPC,REDACTED,REDACTED,REDACTED,REDACTED,REDACTED,01_expansion_plan_projects.pdf,3,9,https://psc.ga.gov/search/facts-document/?documentId=221233,2026-06-01,Rebuild the Gordon - Engelhard McIntyre J of the Gordon - North Dublin 115kV line from 100C 336.4 ACSR (2.81 miles) Linnet and 75C 4/0 F Copper/CW (3.18 miles) to 200C ACSS 795 conductor.,Steady state,05_steady_state_projects.pdf,34,93,,,,,,,GPC
GA,206,2026,21139,GRADY - MORROW (WHITE) 115KV REBUILD,6/1/2026,GPC,REDACTED,REDACTED,REDACTED,REDACTED,REDACTED,01_expansion_plan_projects.pdf,3,9,https://psc.ga.gov/search/facts-document/?documentId=221233,2026-06-01,Replace 0.72 miles of conductor from Moreland Way to Morrow including the bus and jumper at Moreland Way with 1351.5 Martin/ACSS 54/19 conductor.,Steady state,05_steady_state_projects.pdf,35,94,,,,,,,GPC
GA,206,2026,20474,GRADY 230/115KV RELAY MODERNIZATION,6/1/2026,GPC,REDACTED,REDACTED,REDACTED,REDACTED,REDACTED,01_expansion_plan_projects.pdf,3,9,https://psc.ga.gov/search/facts-document/?documentId=221233,2026-06-01,"Upgrade protection on 230kV bus, all 115kV buses, and both 230/115kV auto transformers at Grady. Add adequate monitoring on DC supply. Install a 230kV breaker and associated switches on the high side of Grady 230/115kV auto transformer D.",Stability,02_stability_projects.pdf,6,48,,,,,,,GPC
GA,212,2026,19706,GRID - GAINESVILLE #2 EQUIPMENT REPLACEMENT,6/1/2026,GPC,REDACTED,REDACTED,REDACTED,REDACTED,REDACTED,01_expansion_plan_projects.pdf,3,9,https://psc.ga.gov/search/facts-document/?documentId=221233,2026-06-01,GPC: Replace the two 230/115kV auto transformers (Bank C and D) at Gainesville #2 with 400MVA. Project was originally maintenance driven but now compliance driven.,Steady state,05_steady_state_projects.pdf,36,95,,,,,,,GPC
GA,211,2026,19636,HAMMOND - WEISS DAM 115KV LINE REBUILD,6/1/2026,GPC,REDACTED,REDACTED,REDACTED,REDACTED,REDACTED,01_expansion_plan_projects.pdf,4,10,https://psc.ga.gov/search/facts-document/?documentId=221233,2026-06-01,Rebuild 11.2 miles of Hammond - Weiss Dam 115kV from Hammond to the APC border with 200C 795 ACSS.,Steady state,05_steady_state_projects.pdf,42,101,,,,,,,GPC
GA,214,2026,20512,KATHLEEN AREA IMPROVEMENTS,6/1/2026,GPC,REDACTED,REDACTED,REDACTED,REDACTED,REDACTED,01_expansion_plan_projects.pdf,4,10,https://psc.ga.gov/search/facts-document/?documentId=221233,2026-06-01,Rebuild the Kathleen - Big Grocery Creek 230kV line (approximately 1.5 miles). Rebuild the Bonaire Primary - Kathleen 230kV line (approximately 6 miles). Upgrade limiting elements at Kathleen substation.,Steady state,05_steady_state_projects.pdf,43,102,,,,,,,GPC
GA,206,2026,20490,KLONDIKE RELAY MODERNIZATION,6/1/2026,GPC,REDACTED,REDACTED,REDACTED,REDACTED,REDACTED,01_expansion_plan_projects.pdf,4,10,https://psc.ga.gov/search/facts-document/?documentId=221233,2026-06-01,Upgrade protection on 230kV buses at the Klondike station. Add adequate monitoring on DC supply.,Stability,02_stability_projects.pdf,7,49,,,,,,,GPC
GA,208,2026,20300,MORROW 115KV RELAY UPGRADE,6/1/2026,GPC,REDACTED,REDACTED,REDACTED,REDACTED,REDACTED,01_expansion_plan_projects.pdf,4,10,https://psc.ga.gov/search/facts-document/?documentId=221233,2026-06-01,Upgrade protection scheme on all three 115kV buses at Morrow.,Stability,02_stability_projects.pdf,8,50,,,,,,,GPC
GA,216,2026,18690,PALMYRA REACTOR REMOVAL,6/1/2026,GPC,REDACTED,REDACTED,REDACTED,REDACTED,REDACTED,01_expansion_plan_projects.pdf,4,10,https://psc.ga.gov/search/facts-document/?documentId=221233,2026-06-01,Remove the 6% reactor at the Palmyra Substation.,Steady state,05_steady_state_projects.pdf,47,106,,,,,,,GPC
GA,206,2026,20489,SCOTTDALE RELAY MODERNIZATION,6/1/2026,GPC,REDACTED,REDACTED,REDACTED,REDACTED,REDACTED,01_expansion_plan_projects.pdf,4,10,https://psc.ga.gov/search/facts-document/?documentId=221233,2026-06-01,Upgrade protection on 230kV bus and 230/115kV auto transformers at the Scottdale station. Add adequate monitoring on DC supply.,Stability,02_stability_projects.pdf,9,51,,,,,,,GPC
GA,208,2026,17900,UNION CITY - YATES 230 KV WHITE LINE REBUILD,4/1/2026,GPC,REDACTED,REDACTED,REDACTED,REDACTED,REDACTED,01_expansion_plan_projects.pdf,4,10,https://psc.ga.gov/search/facts-document/?documentId=221233,2026-04-01,Rebuild 23.4 miles of the Union City - Yates 230kV White line with bundled 1351 ACSS Martin conductor at 200C.,Steady state,05_steady_state_projects.pdf,50,109,,,,,,,GPC
GA,208,2026,20691,UNION CITY - YATES 230KV (WHITE) SWITCH AND TRAP REPLACEMENT,6/1/2026,GPC,REDACTED,REDACTED,REDACTED,REDACTED,REDACTED,01_expansion_plan_projects.pdf,5,11,https://psc.ga.gov/search/facts-document/?documentId=221233,2026-06-01,Replace the limiting elements at Union City and Yates substations along the Union City - Yates 230kV (White) line.,Steady state,05_steady_state_projects.pdf,51,110,,,,,,,GPC
GA,216,2026,20223,CC - PROJECT PAYTON BAINBRIDGE,6/30/2026,GPC,REDACTED,REDACTED,REDACTED,REDACTED,REDACTED,01_expansion_plan_projects.pdf,5,11,https://psc.ga.gov/search/facts-document/?documentId=221233,2026-06-30,Split Farley - South Bainbridge 230kV line with a 230kV station (Dothan Road) and bring an 8.5 mile 200C 1351 ACSS 230kV line from Dothan Rd to new customer sub Downrange. Bring another 10mile 200C 1351 ACSS 230kV line from Climax to customer sub Downrange.,Steady state,05_steady_state_projects.pdf,52,111,,,,,,,GPC
GA,208,2026,21022,OHARA BREAKER REPLACEMENT,10/1/2026,GPC,REDACTED,REDACTED,REDACTED,REDACTED,REDACTED,01_expansion_plan_projects.pdf,5,11,https://psc.ga.gov/search/facts-document/?documentId=221233,2026-10-01,Replace Breaker on the Ohara - Tara 115kV Line at the Ohara Substation.,Short circuit,03_short_circuit_projects.pdf,2,55,,,,,,,GPC
GA,208,2026,20668,DRESDEN LINE PROTECTIVE RELAYING,12/1/2026,GPC,REDACTED,REDACTED,REDACTED,REDACTED,REDACTED,01_expansion_plan_projects.pdf,5,11,https://psc.ga.gov/search/facts-document/?documentId=221233,2026-12-01,"On the O'Hara - Wansley 500kV line, replace the protective relay panels associated with the 500kV line terminal facing Dresden, at both O'Hara and Wansley.",Stability,02_stability_projects.pdf,10,52,,,,,,,GPC
GA,211,2026,20151,CC - CASS PINE 230/25 NEW SUB - QCELLS - CC IMPROVEMENTS,12/31/2026,GPC,REDACTED,REDACTED,REDACTED,REDACTED,REDACTED,01_expansion_plan_projects.pdf,5,11,https://psc.ga.gov/search/facts-document/?documentId=221233,2026-12-31,Build a new 230/25kV 8 element ring bus networked substation named Cass Pine that will interconnect between new Great Valley and Hill View 230kV substations.,Steady state,05_steady_state_projects.pdf,56,115,,,,,,,GPC
GA,206,2026,19287,GRADY-WEST END 115KV REBUILD,12/31/2026,GPC,REDACTED,REDACTED,REDACTED,REDACTED,REDACTED,01_expansion_plan_projects.pdf,5,11,https://psc.ga.gov/search/facts-document/?documentId=221233,2026-12-31,Reconductor the Grady - West End 115kV line (2.6 miles) using 200C 1351 ACSS Martin.,Steady state,05_steady_state_projects.pdf,57,116,,,,,,,GPC
GA,208,2026,19363,MORROW - MOUNTAIN VIEW 115 KV REBUILD,12/31/2026,GPC,REDACTED,REDACTED,REDACTED,REDACTED,REDACTED,01_expansion_plan_projects.pdf,5,11,https://psc.ga.gov/search/facts-document/?documentId=221233,2026-12-31,Rebuild the Mountain View - Barnett Road section of the Morrow - Mountain View 115kV line with 200C 1351 ACSS Martin conductor.,Steady state,05_steady_state_projects.pdf,58,117,,,,,,,GPC
GA,201,2027,20509,CC - EMBLEM RIVERSIDE CUSTOMER SUB (FLEXENTIAL),3/1/2027,GPC,REDACTED,REDACTED,REDACTED,REDACTED,REDACTED,01_expansion_plan_projects.pdf,5,11,https://psc.ga.gov/search/facts-document/?documentId=221233,2027-03-01,"A new customer substation, Emblem Riverside, is being built along the Buzzard Roost - Douglasville 230kV line. Moreover, a Fiber ICON ring is being built in the area to help with communications and protection for all customers in the area.",Steady state,05_steady_state_projects.pdf,59,118,,,,,,,GPC
GA,208,2027,19601,MORROW - YATES COMMON 115KV LINE UPGRADE,5/1/2027,GPC,REDACTED,REDACTED,REDACTED,REDACTED,REDACTED,01_expansion_plan_projects.pdf,5,11,https://psc.ga.gov/search/facts-document/?documentId=221233,2027-05-01,"On the Fife - Fairburn SW - Owens Corning Tap sections of the Morrow - Yates Common 115kV line, rebuild approximately 5.8 miles of 50C 477 ACSR with 210C 1334 T13 ACCR Martin or 200C 1351.0 ACSS Martin.",Steady state,05_steady_state_projects.pdf,61,120,,,,,,,GPC
GA,211,2027,15879,POSSUM BRANCH - YATES COMMON 115KV REBUILD (YATES TO CLEM),5/1/2027,GPC,REDACTED,REDACTED,REDACTED,REDACTED,REDACTED,01_expansion_plan_projects.pdf,5,11,https://psc.ga.gov/search/facts-document/?documentId=221233,2027-05-01,Rebuild 11.2 miles of 100C 477 ACSR with 200C 1334 T13 ACCR Martin or 200C 1351.0 ACSS between Yates Common to Oak Mountain. Replace limiting elements along the line.,Steady state,05_steady_state_projects.pdf,62,121,,,,,,,GPC
GA,208,2027,20771,CC - GULLATT ROAD TRANSMISSION IMPROVEMENTS,6/1/2027,GPC,REDACTED,REDACTED,REDACTED,REDACTED,REDACTED,01_expansion_plan_projects.pdf,6,12,https://psc.ga.gov/search/facts-document/?documentId=221233,2027-06-01,Upstream Transmission improvements to serve a new customer station being built along the Morrow - Yates Common 115kV and Line Creek - Fairburn #2 115kV lines. Rebuild the Morrow - Yates Common 115kV line from Line Creek to the new Gullatt Road customer station. Rebuild the Line Creek - Fairburn #2 115kV line from Line Creek to the new Gullatt Road customer station. Remove the Owens Corning Tap Connection on the Morrow - Yates Common 115kV line and rebuild the line from North Coweta to Str 1. Build new line section from Str 1 to the new Gullatt Road customer station,Steady state,05_steady_state_projects.pdf,63,122,,,,,,,GPC
GA,208,2027,18736,CC - MICROSOFT - SHUGART (CCO06),6/1/2027,GPC,REDACTED,REDACTED,REDACTED,REDACTED,REDACTED,01_expansion_plan_projects.pdf,6,12,https://psc.ga.gov/search/facts-document/?documentId=221233,2027-06-01,"GPC will rebuild the Line Creek 230kV substation as breaker and a half configuration and connect the Morrow - Yates 230kV line and the Union City - Yates 230kV White line into Line Creek. For the Union City - Yates 230kV Black line, terminate the line from the Yates side into Shugart Farms, and the line from the Union City side into Line Creek. Build two short lines from Line Creek to Shugart Farms (0.3 miles each) with 100C 1351 ACSR Martin conductor.",Steady state,05_steady_state_projects.pdf,64,123,,,,,,,GPC
GA,201,2027,20781,CC - SUMMER LAKE - VILLA RICA 230KV REBUILD (CC IMPROVMNT),6/1/2027,GPC,REDACTED,REDACTED,REDACTED,REDACTED,REDACTED,01_expansion_plan_projects.pdf,6,12,https://psc.ga.gov/search/facts-document/?documentId=221233,2027-06-01,Rebuild the 2.5 mile section from Villa Rica to the new East Villa Rica Switching station on the Summer Lake - Villa Rica 230kV line with bundled 200C 1351 ACSS Martin.,Steady state,05_steady_state_projects.pdf,65,124,,,,,,,GPC
GA,208,2027,20736,CC - TA REALTY ELLENWOOD NETWORK IMPROVEMENTS,6/1/2027,GPC,REDACTED,REDACTED,REDACTED,REDACTED,REDACTED,01_expansion_plan_projects.pdf,6,12,https://psc.ga.gov/search/facts-document/?documentId=221233,2027-06-01,"Rebuild the ~14.9mi Austin Drive - Morrow 115kV with 200C 1351.5 ACSS Martin. At Austin Drive 115kV, replace the 115/230kV auto transformer along with upgrades other limiting elements at the station.",Steady state,05_steady_state_projects.pdf,66,125,,,,,,,GPC
GA,212,2027,20234,DOYLE - LG&E MONROE 230KV - JACKS CREEK LOOP IN,6/1/2027,GPC,REDACTED,REDACTED,REDACTED,REDACTED,REDACTED,01_expansion_plan_projects.pdf,6,12,https://psc.ga.gov/search/facts-document/?documentId=221233,2027-06-01,Loop in and out the new Jack's Creek 230kV switching station into the Doyle - LG&E Monroe 230kV line. This is coordinated with the East Walton Project (TEAMS #09662).,Steady state,05_steady_state_projects.pdf,67,126,,,,,,,GPC
GA,218,2027,18668,JESUP - OFFERMAN 115KV REBUILD,6/1/2027,GPC,REDACTED,REDACTED,REDACTED,REDACTED,REDACTED,01_expansion_plan_projects.pdf,6,12,https://psc.ga.gov/search/facts-document/?documentId=221233,2027-06-01,"Rebuild 20 miles of 100C 4/0 ACSR Penguin conductor along the Jesup - Offerman 115kV line, with 100C 795 ACSR Drake conductor.",Steady state,05_steady_state_projects.pdf,79,138,,,,,,,GPC
GA,202,2027,10143,LAWRENCEVILLE - WINDER 115KV LINE REBUILD,6/1/2027,GPC,REDACTED,REDACTED,REDACTED,REDACTED,REDACTED,01_expansion_plan_projects.pdf,7,13,https://psc.ga.gov/search/facts-document/?documentId=221233,2027-06-01,Rebuild approximately 1.2 miles of 100C 636 ACSR conductor from Johns Manville to Winder Primary with 200C 795 ACSS conductor.,Steady state,05_steady_state_projects.pdf,80,139,,,,,,,GPC
GA,202,2027,10481,LAWRENCEVILLE - WINDER PRIMARY 230KV LINE REBUILD,6/1/2027,GPC,REDACTED,REDACTED,REDACTED,REDACTED,REDACTED,01_expansion_plan_projects.pdf,7,13,https://psc.ga.gov/search/facts-document/?documentId=221233,2027-06-01,"Rebuild the entire Lawrenceville - Winder Primary 230kV line, approximately 15.4 miles, using 200C 1351 ACSS ""Martin"" conductor.",Steady state,05_steady_state_projects.pdf,81,140,,,,,,,GPC
GA,214,2027,19248,SANDERSVILLE #1 - WADLEY PRI. 115KV REBUILD/RECONDUCTOR,6/1/2027,GPC,REDACTED,REDACTED,REDACTED,REDACTED,REDACTED,01_expansion_plan_projects.pdf,7,13,https://psc.ga.gov/search/facts-document/?documentId=221233,2027-06-01,Rebuild approximately 24.3 miles of the Sandersville #1 - Wadley Primary 115kV line from 100C 336 ACSR Linnet conductor to 100C 1351 ACSR Drake conductor. Replace limiting elements in substations along the line.,Steady state,05_steady_state_projects.pdf,83,142,,,,,,,GPC
GA,208,2027,20717,CC - TOMOCHICHI 500/230KV SOLUTION (CC NETWORK IMPROVEMENTS),7/15/2027,GPC,REDACTED,REDACTED,REDACTED,REDACTED,REDACTED,01_expansion_plan_projects.pdf,7,13,https://psc.ga.gov/search/facts-document/?documentId=221233,2027-07-15,"Build the new Tomochichi 500/230kV switching station (four element ring bus 500kV high side, four element breaker and a half 230kV low side) splitting the Ohara - Schere 500kV line. Build two new 230kV lines from the new Tomochichi substation to the new Towaliga River 230kV substation.",Steady state,05_steady_state_projects.pdf,86,145,,,,,,,GPC
GA,214,2027,18573,GRID - ARKWRIGHT - LLOYD SHOALS 115KV,7/30/2027,GPC,REDACTED,REDACTED,REDACTED,REDACTED,REDACTED,01_expansion_plan_projects.pdf,7,13,https://psc.ga.gov/search/facts-document/?documentId=221233,2027-07-30,Rebuild the Arkwright - Lloyd Shoals 115kV line with 100C 795 ACSR Drake.,Steady state,05_steady_state_projects.pdf,87,146,,,,,,,GPC
GA,212,2027,17977,ATHENA - EAST WATKINSVILLE 115 KV (REBUILD),12/31/2027,GPC,REDACTED,REDACTED,REDACTED,REDACTED,REDACTED,01_expansion_plan_projects.pdf,7,13,https://psc.ga.gov/search/facts-document/?documentId=221233,2027-12-31,Rebuild 8.47 miles of the University of Georgia - East Watkinsville line sections on the Athena - East Watkinsville 115kV line with 100C ACSR 1033 conductor.,Steady state,05_steady_state_projects.pdf,89,148,,,,,,,GPC
GA,211,2027,20150,CC - HILL VIEW & GRASSY HOLLOW SUB - CC IMPROVEMENTS,12/31/2027,GPC,REDACTED,REDACTED,REDACTED,REDACTED,REDACTED,01_expansion_plan_projects.pdf,7,13,https://psc.ga.gov/search/facts-document/?documentId=221233,2027-12-31,Build two 230kV switching stations (Hill View and Grassy Hollow) looping into the Cartersville - McGrau Ford 230kV line (8.5 miles apart). Build two new 230kV lines: Cass Pine - Great Valley and Great Valley - Grassy Hollow (total 10.1 miles) with 200C 1351 ACSS Martin.,Steady state,05_steady_state_projects.pdf,90,149,,,,,,,GPC
GA,211,2027,20024,DYER ROAD - EAST ROANOKE 115KV (REBUILD),12/31/2027,GPC,REDACTED,REDACTED,REDACTED,REDACTED,REDACTED,01_expansion_plan_projects.pdf,7,13,https://psc.ga.gov/search/facts-document/?documentId=221233,2027-12-31,Rebuild 20.7 miles of 75C 397.5 ACSR conductor with advanced conductor from Dyer Road to Wansley tap on the Dyer Road - East Roanoke (APC) 115kV line.,Steady state,05_steady_state_projects.pdf,91,150,,,,,,,GPC
GA,214,2028,19997,AULTMAN ROAD-PERRY 115KV LINE REBUILD,6/1/2028,GPC,REDACTED,REDACTED,REDACTED,REDACTED,REDACTED,01_expansion_plan_projects.pdf,7,13,https://psc.ga.gov/search/facts-document/?documentId=221233,2028-06-01,Rebuild the PPG J2 - Langston Road line section of the Aultman Road - Perry 115kV line from 100C 336 ACSR Linnet conductor to 200C 1351 ACSS conductor.,Steady state,05_steady_state_projects.pdf,92,151,,,,,,,GPC
GA,201,2028,20797,CC - EAST VILLA RICA AREA SWITCHING STATION (CC IMPROVEMENT),6/1/2028,GPC,REDACTED,REDACTED,REDACTED,REDACTED,REDACTED,01_expansion_plan_projects.pdf,7,13,https://psc.ga.gov/search/facts-document/?documentId=221233,2028-06-01,Build a 7 rung breaker and a half switching station along the right of way of the (3) 230kV lines about 2.5 miles East of Villa Rica to service recently signed customers in the area. All three lines will terminate into this station.,Steady state,05_steady_state_projects.pdf,93,152,,,,,,,GPC
GA,211,2028,20774,CC - VILLA RICA UPGRADES (CC NETWORK IMPROVEMENTS),6/1/2028,GPC,REDACTED,REDACTED,REDACTED,REDACTED,REDACTED,01_expansion_plan_projects.pdf,7,13,https://psc.ga.gov/search/facts-document/?documentId=221233,2028-06-01,Loop in the Bowen - Union City line into Villa Rica 500kV bus and add a second 2016 MVA 500/230kV auto transformer. Convert the 230kV side to a 10 element breaker and a half scheme.,Steady state,05_steady_state_projects.pdf,94,153,,,,,,,GPC
GA,214,2028,21048,FITZGERALD - PITTS 115 KV LINE REBUILD,6/1/2028,GPC,REDACTED,REDACTED,REDACTED,REDACTED,REDACTED,01_expansion_plan_projects.pdf,8,14,https://psc.ga.gov/search/facts-document/?documentId=221233,2028-06-01,Rebuild approximately 26.14 miles of the Fitzgerald - Pitts 115kV line with 200C 1351 ACSS.,Steady state,05_steady_state_projects.pdf,95,154,,,,,,,GPC
GA,206,2028,20777,JACK MCDONOUGH - NORTHWEST (BLACK) 230KV RECONDUCTOR,6/1/2028,GPC,REDACTED,REDACTED,REDACTED,REDACTED,REDACTED,01_expansion_plan_projects.pdf,8,14,https://psc.ga.gov/search/facts-document/?documentId=221233,2028-06-01,Rebuild the Jack McDonough - Northwest (Black) 230kV line (4.59 miles) using 200C 1351 Elbrus/TW.,Steady state,05_steady_state_projects.pdf,100,159,,,,,,,GPC
GA,213,2028,20482,PITTMAN ROAD - WEST POINT DAM (USA) 115KV REBUILD,6/1/2028,GPC,REDACTED,REDACTED,REDACTED,REDACTED,REDACTED,01_expansion_plan_projects.pdf,8,14,https://psc.ga.gov/search/facts-document/?documentId=221233,2028-06-01,Rebuild 3 miles from the Pittman Road 115kV station to the West Point Dam (USA) 115kV station with 100C 1351 ACSS Martin conductor. Replace AAC 750 jumper at Pittman Road 115kV with (2) 1590 AAC.,Steady state,05_steady_state_projects.pdf,103,162,,,,,,,GPC
GA,208,2028,20656,PLANT YATES BREAKER AND HALF STATION,6/1/2028,GPC,REDACTED,REDACTED,REDACTED,REDACTED,REDACTED,01_expansion_plan_projects.pdf,8,14,https://psc.ga.gov/search/facts-document/?documentId=221233,2028-06-01,Rebuild the Yates 6 & 7 substation to a Breaker and a Half configuration.,Steady state,05_steady_state_projects.pdf,104,163,,,,,,,GPC
GA,201,2028,21069,SMART VALVES AT EAST VILLA RICA SWITCHING STATION,6/1/2028,GPC,REDACTED,REDACTED,REDACTED,REDACTED,REDACTED,01_expansion_plan_projects.pdf,8,14,https://psc.ga.gov/search/facts-document/?documentId=221233,2028-06-01,Installation of Power Flow Controllers at the new East Villa Rica Switching Station on the Douglasville - Villa Rica 230kV and Summer Lake - Villa Rica 230kV lines. The Power Flow Controllers will be removed when GTCs strategic project at Cavender Drive goes in service.,Steady state,05_steady_state_projects.pdf,107,166,,,,,,,GPC
GA,214,2028,20768,SOUTH MACON 115KV BUSES 1 & 2 REPLACEMENT,6/1/2028,GPC,REDACTED,REDACTED,REDACTED,REDACTED,REDACTED,01_expansion_plan_projects.pdf,8,14,https://psc.ga.gov/search/facts-document/?documentId=221233,2028-06-01,Replace the 115kV buses 1 and 2 at South Macon with (2) 1590 AAC.,Steady state,05_steady_state_projects.pdf,108,167,,,,,,,GPC
GA,208,2028,20274,UNION CITY - YATES 230KV (BLACK) LINE REBUILD,6/1/2028,GPC,REDACTED,REDACTED,REDACTED,REDACTED,REDACTED,01_expansion_plan_projects.pdf,8,14,https://psc.ga.gov/search/facts-document/?documentId=221233,2028-06-01,"Rebuild the Union City - Yates 230kV Black line with bundled 200C 1351 ACSS Martin conductor. Replace limiting elements at Union City, Fairburn #1 and Line Creek substations.",Steady state,05_steady_state_projects.pdf,109,168,,,,,,,GPC
GA,213,2028,13166,FIRST AVENUE - NORTH COLUMBUS 115KV LINE REBUILD,12/1/2028,GPC,REDACTED,REDACTED,REDACTED,REDACTED,REDACTED,01_expansion_plan_projects.pdf,8,14,https://psc.ga.gov/search/facts-document/?documentId=221233,2028-12-01,Rebuild the 0.9 miles North Columbus - First Avenue 115kV line (currently 75C 657 ACAR) with 200C 1351 ACSS conductor.,Steady state,05_steady_state_projects.pdf,110,169,,,,,,,GPC
GA,208,2029,21062,ASHLEY PARK-WANSLEY 500KV,6/1/2029,GPC,REDACTED,REDACTED,REDACTED,REDACTED,REDACTED,01_expansion_plan_projects.pdf,9,15,https://psc.ga.gov/search/facts-document/?documentId=221233,2029-06-01,"Construct a 500kV line from Ashley Park to Wansley, approximately 35 miles long.",Steady state,05_steady_state_projects.pdf,112,171,"The construction of the Ashley Park – Wansley 500kV line aims to address the evolving dynamics within the Georgia Integrated Transmission System (ITS), primarily driven by the changes in generation and forecasted load growth. This project involves the construction of a new ~30-mile 500 kV line from Ashley Park to Wansley as shown in Figure 4. Additionally, supplemental projects include Ashley Park Line Termination (GPC) and Wansley Line Termination (MEAG). This project will be done in conjunction with GTC: Tenaska – Wansley 500kV (TEAMS 21123). The decision to undertake this project stems from the necessity to enhance available transmission capacity and mitigate thermal limits resulting from 500 kV contingencies under NERC TPL-001-5. This project will reduce flows and increase available capacity on various circuits, thereby alleviating or reducing thermal constraints on critical circuits under contingency scenarios. This solution is the result of joint planning efforts amongst the GA ITS Participants.",06_strategic_projects.pdf,1,272,5,276,GPC
GA,216,2029,10222,BLAKELY PRIMARY - HUCKLEBERRY 115KV REBUILD,6/1/2029,GPC,REDACTED,REDACTED,REDACTED,REDACTED,REDACTED,01_expansion_plan_projects.pdf,9,15,https://psc.ga.gov/search/facts-document/?documentId=221233,2029-06-01,Rebuild the Blakley Primary - Huckleberry 115kV line from 75C 477 ACSR to 200C 1351 ACSS. (13.5 miles) GPC: Replace jumpers at Blakely Primary GTC: Replace jumpers at Blakely and Huckleberry,Steady state,05_steady_state_projects.pdf,113,172,,,,,,,GPC
GA,214,2029,21047,BROADWAY - ECHECONNEE 115 KV LINE REBUILD,6/1/2029,GPC,REDACTED,REDACTED,REDACTED,REDACTED,REDACTED,01_expansion_plan_projects.pdf,9,15,https://psc.ga.gov/search/facts-document/?documentId=221233,2029-06-01,Rebuild the Griffin Rd – Echeconnee line section of Broadway - Echeconnee line with 200C 1351 ACSS conductor.,Steady state,05_steady_state_projects.pdf,114,173,,,,,,,GPC
GA,213,2029,16887,BUTLER - THOMASTON 230KV LINE CONVERSION,6/1/2029,GPC,REDACTED,REDACTED,REDACTED,REDACTED,REDACTED,01_expansion_plan_projects.pdf,9,15,https://psc.ga.gov/search/facts-document/?documentId=221233,2029-06-01,Rebuild the radial Thomaston - Butler 115kV line to 230kV network operation. Make all necessary upgrades and accommodations at Butler and Thomaston. Convert the Wesley substation from 115kV to 230kV.,Steady state,05_steady_state_projects.pdf,115,174,,,,,,,GPC
GA,201,2029,21036,BUZZARD ROOST - FACTORY SHOALS 230KV NEW LINE,6/1/2029,GPC,REDACTED,REDACTED,REDACTED,REDACTED,REDACTED,01_expansion_plan_projects.pdf,9,15,https://psc.ga.gov/search/facts-document/?documentId=221233,2029-06-01,A new 2 mile 230kV line is being built from Buzzard Roost to Factory Shoals with 200C 1351 ACSS Martin conductor.,Steady state,05_steady_state_projects.pdf,116,175,,,,,,,GPC
GA,206,2029,21142,CONYERS - KLONDIKE 230 KV SECOND LINE,6/1/2029,GPC,REDACTED,REDACTED,REDACTED,REDACTED,REDACTED,01_expansion_plan_projects.pdf,9,15,https://psc.ga.gov/search/facts-document/?documentId=221233,2029-06-01,Build a new 6.56 mile line from Conyers to Klondike with 200C (2) 1351 ACSS Martin conductor. Build one new 230kV breaker terminal at Conyers and one new 230kV terminal at Klondike.,Steady state,05_steady_state_projects.pdf,117,176,,,,,,,GPC
GA,206,2029,21138,GLENWOOD SPRINGS - PORTERDALE PRIMARY 230KV LINE SWITCH REPL,6/1/2029,GPC,REDACTED,REDACTED,REDACTED,REDACTED,REDACTED,01_expansion_plan_projects.pdf,9,15,https://psc.ga.gov/search/facts-document/?documentId=221233,2029-06-01,Replace the 600A line switch at Porterdale Primary on the Glenwood Springs - Porterdale Primary 230kV Line with 1200A switch.,Steady state,05_steady_state_projects.pdf,118,177,,,,,,,GPC
GA,206,2029,21141,LLOYD SHOALS - PORTERDALE PRIMARY 115KV REBUILD,6/1/2029,GPC,REDACTED,REDACTED,REDACTED,REDACTED,REDACTED,01_expansion_plan_projects.pdf,9,15,https://psc.ga.gov/search/facts-document/?documentId=221233,2029-06-01,Rebuild 15.8 miles of 50C 397.5 ACSR Ibis with 200C 1351 ACSS Martin from Jackson Lake to Lloyd Shoals and Jackson Lake to South. Covington Junction.,Steady state,05_steady_state_projects.pdf,126,185,,,,,,,GPC
GA,216,2029,20285,LOWER RIVER - WEBB (APC) 115KV RECONDUCTOR,6/1/2029,GPC,REDACTED,REDACTED,REDACTED,REDACTED,REDACTED,01_expansion_plan_projects.pdf,9,15,https://psc.ga.gov/search/facts-document/?documentId=221233,2029-06-01,Reconductor 0.97 miles of 100C 636 Grosbeak Lower River - Webb 115kV line with 200C 795 ACSS Drake conductor.,Steady state,05_steady_state_projects.pdf,127,186,,,,,,,GPC
GA,212,2029,19621,MCEVER ROAD - SHOAL CREEK 115KV REBUILD,6/1/2029,GPC,REDACTED,REDACTED,REDACTED,REDACTED,REDACTED,01_expansion_plan_projects.pdf,10,16,https://psc.ga.gov/search/facts-document/?documentId=221233,2029-06-01,"Rebuild the 636 ACSR (1 mile) of the McEver Road - College Square section, and 2 - 4/0 copper part (2.05 miles) of the College Square to Lakeside WTP B line section, part of the McEver Road - Shoal Creek 115kV line, using 200C 1351 ACSS conductor.",Steady state,05_steady_state_projects.pdf,128,187,,,,,,,GPC
GA,218,2029,20346,MCMANUS - WEST BRUNSWICK 115KV REBUILD,6/1/2029,GPC,REDACTED,REDACTED,REDACTED,REDACTED,REDACTED,01_expansion_plan_projects.pdf,10,16,https://psc.ga.gov/search/facts-document/?documentId=221233,2029-06-01,"Rebuild the McManus - West Brunswick 115kV line, approximately 5.7 miles, with 200C 1351 ACSS Martin conductor.",Steady state,05_steady_state_projects.pdf,129,188,,,,,,,GPC
GA,202,2029,20757,NORCROSS - NORTH DRUID HILLS 115KV REBUILD,6/1/2029,GPC,REDACTED,REDACTED,REDACTED,REDACTED,REDACTED,01_expansion_plan_projects.pdf,10,16,https://psc.ga.gov/search/facts-document/?documentId=221233,2029-06-01,"Rebuild the Norcross - Norcross Junction (674) segment, approximately 3.9 miles, from 100C 477 ACSR Hawk conductor to 200C 1351 ACSS ""Martin"" conductor.",Steady state,05_steady_state_projects.pdf,132,191,,,,,,,GPC
GA,216,2029,13628,SOUTH BAINBRIDGE - SINAI (FPL) 115KV LINE RECONDUCTOR,6/1/2029,GPC,REDACTED,REDACTED,REDACTED,REDACTED,REDACTED,01_expansion_plan_projects.pdf,10,16,https://psc.ga.gov/search/facts-document/?documentId=221233,2029-06-01,Rebuild the Four Mile tap - Recovery - Sinai (FPL) segment of the Sinai (FPL) - South Bainbridge 115kV line from 100C 336.4 ACSR to 200C 1351 ACSS. 9.8 miles in FPL and 13.75 miles in GPC At Recovery (GTC): Replace 100C 336.4 ACSR string bus with higher rating and jumpers with (1) 1590 AAC At Sinai (FPL): Replace 100C 336.4 ACSR string bus with higher rating,Steady state,05_steady_state_projects.pdf,136,195,,,,,,,GPC
GA,202,2029,20248,BAY CREEK - CONYERS 230KV REBUILD,12/31/2029,GPC,REDACTED,REDACTED,REDACTED,REDACTED,REDACTED,01_expansion_plan_projects.pdf,10,16,https://psc.ga.gov/search/facts-document/?documentId=221233,2029-12-31,"GPC will rebuild the Bay Creek - Conyers 230kV line, approximately 15.29 miles, using 200C 1351 ACSS ""Martin"" conductor.",Steady state,05_steady_state_projects.pdf,137,196,,,,,,,GPC
GA,211,2030,21129,ANNISTON - HAMMOND 230KV LINE,6/1/2030,GPC,REDACTED,REDACTED,REDACTED,REDACTED,REDACTED,01_expansion_plan_projects.pdf,10,16,https://psc.ga.gov/search/facts-document/?documentId=221233,2030-06-01,Rebuild the 28.12 miles section between Hammond and the Goshen tap with 200C 1351 ACSS Martin conductor.,Steady state,05_steady_state_projects.pdf,138,197,,,,,,,GPC
GA,201,2030,20764,ATKINSON - NORTHSIDE DRIVE 115KV REBUILD,6/1/2030,GPC,REDACTED,REDACTED,REDACTED,REDACTED,REDACTED,01_expansion_plan_projects.pdf,10,16,https://psc.ga.gov/search/facts-document/?documentId=221233,2030-06-01,"Rebuild a portion of the Atkinson - Northside 115kV line, approximately 3.2 miles from Atkinson to Chattahoochee with 200C 1351 ACSS Martin.",Steady state,05_steady_state_projects.pdf,139,198,,,,,,,GPC
GA,201,2030,20761,ATKINSON - NORTHWEST 115KV REBUILD,6/1/2030,GPC,REDACTED,REDACTED,REDACTED,REDACTED,REDACTED,01_expansion_plan_projects.pdf,10,16,https://psc.ga.gov/search/facts-document/?documentId=221233,2030-06-01,Rebuild the 1.2 mile Atkinson - Tilford Yards section of the Atkinson - Northwest 115kV with 200C 1351 ACSS Martin.,Steady state,05_steady_state_projects.pdf,140,199,,,,,,,GPC
GA,212,2030,21130,CC - NORTH GEORGIA DATA NETWORK UPGRADES,6/1/2030,GPC,REDACTED,REDACTED,REDACTED,REDACTED,REDACTED,01_expansion_plan_projects.pdf,10,16,https://psc.ga.gov/search/facts-document/?documentId=221233,2030-06-01,Construct approximately 7 miles of 115kV line with minimum 170C 1351 ACSS conductor from Gillsville Tap Junction to Midway. Utilize the existing GPC owned North Jackson - Lawrence Smith 46kV ROW that is to be retired. Disconnect the East Maysville 115kV tap at Midway 115kV and terminate the new Pond Fork - Midway 115kV line.,Steady state,05_steady_state_projects.pdf,141,200,,,,,,,GPC
GA,212,2030,10478,CORNELIA - TALLULAH LODGE 115KV REBUILD,6/1/2030,GPC,REDACTED,REDACTED,REDACTED,REDACTED,REDACTED,01_expansion_plan_projects.pdf,10,16,https://psc.ga.gov/search/facts-document/?documentId=221233,2030-06-01,Rebuild approximately 9.7 miles of the Cornelia - Chase Road - Clarksville - Hollywood segments of the Cornelia - Tallulah Lodge 115kV line with 200C 795 ACSS conductor.,Steady state,05_steady_state_projects.pdf,142,201,,,,,,,GPC
GA,201,2030,21097,EAST POINT - TRIBUTARY 230KV REBUILD,6/1/2030,GPC,REDACTED,REDACTED,REDACTED,REDACTED,REDACTED,01_expansion_plan_projects.pdf,10,16,https://psc.ga.gov/search/facts-document/?documentId=221233,2030-06-01,Rebuild the 2.9 mile section from Cavender Drive to Marietta 25 with 200C 1351 ACSS conductor on the East Point - Tributary 230kV line.,Steady state,05_steady_state_projects.pdf,144,203,,,,,,,GPC
GA,208,2030,20480,EAST POINT - UNION CITY 230KV BLACK LINE RECONDUCTOR,6/1/2030,GPC,REDACTED,REDACTED,REDACTED,REDACTED,REDACTED,01_expansion_plan_projects.pdf,11,17,https://psc.ga.gov/search/facts-document/?documentId=221233,2030-06-01,Reconductor the 1.5 mile section from Flat Shoals Road station to the Stonewall Tell loop - in point on the East Point - Union City 230kV Black line with 200C 1351 ACSS Martin conductor. Replace limiting elements at Union City,Steady state,05_steady_state_projects.pdf,145,204,,,,,,,GPC
GA,214,2030,19627,ECHECONNEE-WELLSTON 115KV LINE REBUILD,6/1/2030,GPC,REDACTED,REDACTED,REDACTED,REDACTED,REDACTED,01_expansion_plan_projects.pdf,11,17,https://psc.ga.gov/search/facts-document/?documentId=221233,2030-06-01,Rebuild approximately 11.8 miles of the Echeconnee - Wellston 115kV line with 200C 1351 ACSS conductor and the limiting elements along the line with higher ratings. Replace the Bus at North Warner Robins with 1590 AAC.,Steady state,05_steady_state_projects.pdf,146,205,,,,,,,GPC
GA,216,2030,21063,FARLEY (APC)-TAZEWELL 500KV,6/1/2030,GPC,REDACTED,REDACTED,REDACTED,REDACTED,REDACTED,01_expansion_plan_projects.pdf,11,17,https://psc.ga.gov/search/facts-document/?documentId=221233,2030-06-01,"Construct a new 500kV line from Farley (APC) to Tazewell substation, approximately 120 miles long. Construct a 5 breaker 500kV ring bus to loop in the Blacksmith - Talbot 500kV line, terminate the new Farley - Tazewell 500kV and Talbot #2 - Tazewell 500kV lines. Install a 500/230kV auto transformer to connect to the existing 230kV switchyard.",Steady state,05_steady_state_projects.pdf,147,206,"The construction of the Farley (APC) – Tazewell 500 kV line aims to address the evolving dynamics within the Georgia Integrated Transmission System (ITS), primarily driven by changes in generation and forecasted load growth. This project involves the construction of a new ~120-mile 500 kV line from Farley (APC) to Tazewell as shown in Figure 8. Additionally, supplemental projects include Farley Line Termination (APC) and expansion of existing Tazewell 230kV station for new 500kV yard. This project will be done in conjunction with the GTC: Talbot #2 – Tazewell 500kV project (TEAMS 21076). The decision to undertake this project stems from the necessity to enhance available transmission capacity and mitigate thermal limits resulting from 500 kV contingencies under NERC TPL-001-5. This project will reduce flows and increase available capacity on various circuits, thereby alleviating or reducing thermal constraints on critical circuits under contingency scenarios. This solution is the result of joint planning efforts amongst the GA ITS Participants.",06_strategic_projects.pdf,6,277,9,280,GPC
GA,212,2030,12120,GAINESVILLE #2 - MCEVER ROAD 115 KV REBUILD,6/1/2030,GPC,REDACTED,REDACTED,REDACTED,REDACTED,REDACTED,01_expansion_plan_projects.pdf,11,17,https://psc.ga.gov/search/facts-document/?documentId=221233,2030-06-01,Rebuild approximately 5.3 miles of the Gainesville #2 - McEver Rd 115kV line with 200C 1351 ACSS conductor.,Steady state,05_steady_state_projects.pdf,148,207,,,,,,,GPC
GA,214,2030,20298,GLENWOOD SPRINGS - LAKE OCONEE 115KV LINE REBUILD,6/1/2030,GPC,REDACTED,REDACTED,REDACTED,REDACTED,REDACTED,01_expansion_plan_projects.pdf,11,17,https://psc.ga.gov/search/facts-document/?documentId=221233,2030-06-01,Rebuild the North Eatonton Junction - Putnam Sawmill Junction line with 200C 1351 ACSS conductor.,Steady state,05_steady_state_projects.pdf,149,208,,,,,,,GPC
GA,213,2030,21128,GOAT ROCK REACTORS INSTALLATION,6/1/2030,GPC,REDACTED,REDACTED,REDACTED,REDACTED,REDACTED,01_expansion_plan_projects.pdf,11,17,https://psc.ga.gov/search/facts-document/?documentId=221233,2030-06-01,Install 1% series reactors on the Fortson - Goat Rock (Black) 230kV and Fortson - Goat Rock (White) 230kV.,Steady state,05_steady_state_projects.pdf,150,209,,,,,,,GPC
GA,215,2030,19996,GOLDENS CREEK - WARRENTON PRIMARY 230KV REBUILD,6/1/2030,GPC,REDACTED,REDACTED,REDACTED,REDACTED,REDACTED,01_expansion_plan_projects.pdf,11,17,https://psc.ga.gov/search/facts-document/?documentId=221233,2030-06-01,Rebuild approximately 0.34 miles of the Goldens Creek - Warrenton Primary 230kV line from 100C 1 - 1351.5 ACSR Martin conductor to 200C 1351 ACCR Martin conductor or equivalent.,Steady state,05_steady_state_projects.pdf,151,210,,,,,,,GPC
GA,214,2030,20428,GORDON-SANDERSVILLE #1 115KV LINE REBUILD (DEEPSTEP-SAND #6),6/1/2030,GPC,REDACTED,REDACTED,REDACTED,REDACTED,REDACTED,01_expansion_plan_projects.pdf,11,17,https://psc.ga.gov/search/facts-document/?documentId=221233,2030-06-01,"Rebuild the Deepstep - Robins Spring (7.6 miles) Robins Spring - Kaolin J (2.23mi), and Kaolin J - Sandersville #6 (0.66 miles) line sections of the Gordon - Sandersville #1 115kV line. Rebuild a total of 10.49 miles from 100C 336 ACSR to 100C ACSR 795 conductor.",Steady state,05_steady_state_projects.pdf,152,211,,,,,,,GPC
GA,215,2030,21116,GOSHEN AREA STRATEGIC SOLUTION,6/1/2030,GPC,REDACTED,REDACTED,REDACTED,REDACTED,REDACTED,01_expansion_plan_projects.pdf,11,17,https://psc.ga.gov/search/facts-document/?documentId=221233,2030-06-01,"Construct a 230kV switching station on the Waynesboro - Wilson 230kV line and a new 230kV line between the switching station and Goshen, approximately 12.3 miles. Provides an alternate power flow path into Goshen outside of the existing constrained Goshen - Vogtle corridor.",Steady state,05_steady_state_projects.pdf,153,212,,,,,,,GPC
GA,212,2030,20789,JEFFERSON ROAD - WINDER PRIMARY 115KV REBUILD,6/1/2030,GPC,REDACTED,REDACTED,REDACTED,REDACTED,REDACTED,01_expansion_plan_projects.pdf,12,18,https://psc.ga.gov/search/facts-document/?documentId=221233,2030-06-01,Rebuild approximately 11 miles of the Jefferson Road - Russell - Richardson Street Junction segments of the Jefferson Road - Winder Primary 115kV line with 200C 1351 ACSS Martin conductor.,Steady state,05_steady_state_projects.pdf,162,221,,,,,,,GPC
GA,216,2030,20284,KETTLE CREEK PRIMARY - PINE GROVE PRIMARY 115KV REBUILD,6/1/2030,GPC,REDACTED,REDACTED,REDACTED,REDACTED,REDACTED,01_expansion_plan_projects.pdf,12,18,https://psc.ga.gov/search/facts-document/?documentId=221233,2030-06-01,Rebuild approximately 38.04 miles of 50C 4/0 ACSR conductor from the Pine Grove to the Pearson tap using 200C 1351 ACSS conductor.,Steady state,05_steady_state_projects.pdf,163,222,,,,,,,GPC
GA,201,2030,20857,NEW CAVENDER DRIVE - TRIBUTARY 230KV LINE,6/1/2030,GPC,REDACTED,REDACTED,REDACTED,REDACTED,REDACTED,01_expansion_plan_projects.pdf,12,18,https://psc.ga.gov/search/facts-document/?documentId=221233,2030-06-01,Build a new 4 mile 230kV line from Cavender Drive to Tributary with 200C 1351 ACSS Martin.,Steady state,05_steady_state_projects.pdf,165,224,,,,,,,GPC
GA,214,2030,21093,NORTH SPA 230KV STRATEGIC PROJECT,6/1/2030,GPC,REDACTED,REDACTED,REDACTED,REDACTED,REDACTED,01_expansion_plan_projects.pdf,12,18,https://psc.ga.gov/search/facts-document/?documentId=221233,2030-06-01,This project includes the following scope of work: Build a new 230kV switching station north of Oasis in a ring bus configuration with 4 - breakers. Loop in the East Social Circle - Oasis (White) 230kV line. Build a new 230kV line to Cornish Mountain from North Spa. New 230kV line from Rockville 230kV will terminate in this station.,Steady state,05_steady_state_projects.pdf,166,225,,,,,,,GPC
GA,212,2030,19995,TALLULAH LODGE - TOCCOA 115 KV REBUILD,6/1/2030,GPC,REDACTED,REDACTED,REDACTED,REDACTED,REDACTED,01_expansion_plan_projects.pdf,12,18,https://psc.ga.gov/search/facts-document/?documentId=221233,2030-06-01,Rebuild the Tallulah Lodge - Toccoa 115kV Line with 100C 795 ACSR conductor (total of 10.3 miles). Replace limiting elements at Tallulah Lodge and Toccoa.,Steady state,05_steady_state_projects.pdf,167,226,,,,,,,GPC
GA,201,2030,21098,TRIBUTARY - THORNTON RD 230KV REBUILD,6/1/2030,GPC,REDACTED,REDACTED,REDACTED,REDACTED,REDACTED,01_expansion_plan_projects.pdf,12,18,https://psc.ga.gov/search/facts-document/?documentId=221233,2030-06-01,Rebuild the 2.8 mile Tributary - Thornton Road 230kV line with 200C 1351 ACSS Martin.,Steady state,05_steady_state_projects.pdf,168,227,,,,,,,GPC
GA,213,2030,20160,THOMASTON 230 NEW BUILD SUB,11/1/2030,GPC,REDACTED,REDACTED,REDACTED,REDACTED,REDACTED,01_expansion_plan_projects.pdf,12,18,https://psc.ga.gov/search/facts-document/?documentId=221233,2030-11-01,Replace Thomaston 230/115kV 285MVA auto transformers C and D with 400MVA auto transformers. Install high side breakers to meet the 230kV bus differential standards and redesign 230kV bus to a breaker and a half configuration.,Steady state,05_steady_state_projects.pdf,169,228,,,,,,,GPC
GA,216,2030,18848,"BAINBRIDGE TRANSMISSION: EAST RIVER ROAD, EAST BAINBRIDGE",12/31/2030,GPC,REDACTED,REDACTED,REDACTED,REDACTED,REDACTED,01_expansion_plan_projects.pdf,12,18,https://psc.ga.gov/search/facts-document/?documentId=221233,2030-12-31,"This project will construct a new 115kV breaker and a half substation a mile north of the East Bainbridge substation. East Bainbridge will be simplified to a 115kV straight bus with two transmission lines for service to load, a generation interconnection point and a capacitor bank.",Steady state,05_steady_state_projects.pdf,170,229,,,,,,,GPC
GA,214,2030,19626,GLENWOOD SPRINGS 115KV CAP BANK,12/31/2030,GPC,REDACTED,REDACTED,REDACTED,REDACTED,REDACTED,01_expansion_plan_projects.pdf,12,18,https://psc.ga.gov/search/facts-document/?documentId=221233,2030-12-31,Install a 115kV two stage 30MVAR capacitor bank at Glenwood Springs substation.,Steady state,05_steady_state_projects.pdf,171,230,,,,,,,GPC
GA,208,2031,20690,EAST POINT - UNION CITY (WHITE) 230KV REBUILD,5/1/2031,GPC,REDACTED,REDACTED,REDACTED,REDACTED,REDACTED,01_expansion_plan_projects.pdf,12,18,https://psc.ga.gov/search/facts-document/?documentId=221233,2031-05-01,Rebuild 5.49 miles of 100C 1590.0 ACSR Lapwing with 200C 1351.5 ACSS Martin 230kV line from Welcome All to Union City on the East Point - Union City 230kV line.,Steady state,05_steady_state_projects.pdf,172,231,,,,,,,GPC
GA,202,2031,19632,AVERY - HOPEWELL 115KV RECONDUCTOR,6/1/2031,GPC,REDACTED,REDACTED,REDACTED,REDACTED,REDACTED,01_expansion_plan_projects.pdf,12,18,https://psc.ga.gov/search/facts-document/?documentId=221233,2031-06-01,Reconductor the Hopewell to Birmingham line section (approximately 3.3 miles) on the Avery - Hopewell 115kV line with 100C 1033 ACSR conductor. Replace jumper at Birmingham with 1590 AAC jumper.,Steady state,05_steady_state_projects.pdf,173,232,,,,,,,GPC
GA,211,2031,10811,BOWEN #10 500/230KV AUTOBANK REPLACEMENT,6/1/2031,GPC,REDACTED,REDACTED,REDACTED,REDACTED,REDACTED,01_expansion_plan_projects.pdf,12,18,https://psc.ga.gov/search/facts-document/?documentId=221233,2031-06-01,Replace the existing Bowen #10 1350 MVA 500/230kV auto transformer with a 2016 MVA 500/230kV auto transformer.,Steady state,05_steady_state_projects.pdf,174,233,,,,,,,GPC
GA,215,2031,20756,HATCH - WADLEY 500 KV LINE STRATEGIC PROJECT,6/1/2031,GPC,REDACTED,REDACTED,REDACTED,REDACTED,REDACTED,01_expansion_plan_projects.pdf,12,18,https://psc.ga.gov/search/facts-document/?documentId=221233,2031-06-01,Construct a new 500kV line from Hatch - Wadley Primary.,Steady state,05_steady_state_projects.pdf,175,234,"The construction of the Hatch – Wadley Primary 500 kV Line aims to address the evolving dynamics within the Georgia Integrated Transmission System (ITS), primarily driven by the increasing penetration of renewable generation plants and forecasted load growth. This project involves the construction of a new ~65-mile 500 kV line from Hatch to Wadley Primary as shown in Figure 10. Additionally, supplemental projects include Hatch Line Termination (GPC) and Wadley Primary Line Termination (MEAG). The decision to undertake this project stems from the necessity to enhance available transmission capacity and mitigate potential thermal limits resulting from 500 kV contingencies under solar expansion scenarios. The 2023 ITS solar sensitivity study identified numerous benefits associated with the Hatch – Wadley 500 kV line, including providing an additional high-capacity corridor from South to North for solar penetration level of REDACTED. Furthermore, this project is anticipated to reduce flows and increase available capacity on various circuits, thereby alleviating or reducing thermal constraints on critical circuits under solar expansion scenarios. This solution is the result of joint planning efforts amongst the GA ITS Participants.",06_strategic_projects.pdf,10,281,13,284,GPC
GA,214,2033,20767,ARKWRIGHT BUS AND JUMPER REPLACEMENT,6/1/2033,GPC,REDACTED,REDACTED,REDACTED,REDACTED,REDACTED,01_expansion_plan_projects.pdf,13,19,https://psc.ga.gov/search/facts-document/?documentId=221233,2033-06-01,Replace the 115kV bus at Arkwright with higher rating and replace the jumper on the Arkwright - Forrest Rd (Macon) 115kV line with at least 1590AAC.,Steady state,05_steady_state_projects.pdf,179,238,,,,,,,GPC
GA,202,2033,20758,BAY CREEK - CONYERS 230KV LIMITING ELEMENT REPLACEMENT,6/1/2033,GPC,REDACTED,REDACTED,REDACTED,REDACTED,REDACTED,01_expansion_plan_projects.pdf,13,19,https://psc.ga.gov/search/facts-document/?documentId=221233,2033-06-01,"Replace equipment such as jumpers, switches, and traps at the Bay Creek, Rockdale, and Conyers substations with equipment capable of carrying 3000A.",Steady state,05_steady_state_projects.pdf,180,239,,,,,,,GPC
GA,215,2033,20793,EVANS PRIMARY - THURMOND DAM (USA) #5 115KV REBUILD,6/1/2033,GPC,REDACTED,REDACTED,REDACTED,REDACTED,REDACTED,01_expansion_plan_projects.pdf,13,19,https://psc.ga.gov/search/facts-document/?documentId=221233,2033-06-01,Rebuild approximately 5.45 miles of Euchee Creek - Thurmond Dam segment of the Evans Primary - Thurmond Dam (USA) #5 115kV line with 200C 1351 ACSS Martin conductor. Replace the main bus with a larger element at Thurmond Dam (USA).,Steady state,05_steady_state_projects.pdf,181,240,,,,,,,GPC
GA,215,2033,20794,EVANS PRIMARY - THURMOND DAM (USA) #6 115KV REBUILD,6/1/2033,GPC,REDACTED,REDACTED,REDACTED,REDACTED,REDACTED,01_expansion_plan_projects.pdf,13,19,https://psc.ga.gov/search/facts-document/?documentId=221233,2033-06-01,Rebuild approximately 8.9 miles of the Evans Primary - Thurmond Dam (USA) #6 115kV line with 200C 1351 ACSS Martin conductor. Replace the main bus with a larger element at Thurmond Dam (USA).,Steady state,05_steady_state_projects.pdf,182,241,,,,,,,GPC
GA,212,2033,21053,MCEVER ROAD - SHOAL CREEK 115KV REBUILD PHASE III,6/1/2033,GPC,REDACTED,REDACTED,REDACTED,REDACTED,REDACTED,01_expansion_plan_projects.pdf,13,19,https://psc.ga.gov/search/facts-document/?documentId=221233,2033-06-01,"Rebuild the 2 - 4/0 copper part (approximately 2.9 miles) of the Gainesville Ferry - Lakeside WTP A line section, part of the McEver Road - Shoal Creek 115kV line, using 200C 1351 ACSS conductor.",Steady state,05_steady_state_projects.pdf,188,247,,,,,,,GPC
GA,212,2033,09661,MCGRAU FORD - MIDDLE FORK 500KV LINE PROJECT,6/1/2033,GPC,REDACTED,REDACTED,REDACTED,REDACTED,REDACTED,01_expansion_plan_projects.pdf,13,19,https://psc.ga.gov/search/facts-document/?documentId=221233,2033-06-01,Construct a new approximately 64 mile 500kV line from McGrau Ford to Middle Fork.,Steady state,05_steady_state_projects.pdf,189,248,"The construction of the McGrau Ford - Middle Fork 500kV transmission line is intended to address the unprecedented, forecasted load growth and the increase of solar penetration in the state of Georgia. The project builds a new 65 miles of 500kV line from Middle Fork to McGrau Ford as shown in Figure 12. Additionally, supplemental projects include the expansion of the 500kV yard at McGrau Ford (GPC) and the construction of a new 500kV yard at Middle Fork (GTC) for the line termination. This project mitigates multiple thermal constraints under NERC TPL-001-5 and increases capacity in the northeast area of Georgia in addition to improving overall voltage profile of the area under key 500kV contingencies and unit out generation scenarios. Solar sensitivity studies, REDACTED of solar penetration, showed that this new 500kV line increases capacity in transmission elements under solar expansion scenarios improving the transfer capability of generation in the area. This project will be done in conjunction with the GTC: East Walton-Middle Fork 500kV (TEAMS 21075).",06_strategic_projects.pdf,14,285,26,297,GPC
GA,215,2033,14222,THOMSON PRIMARY 230/115KV SECOND TRANSFORMER,6/1/2033,GPC,REDACTED,REDACTED,REDACTED,REDACTED,REDACTED,01_expansion_plan_projects.pdf,13,19,https://psc.ga.gov/search/facts-document/?documentId=221233,2033-06-01,"Install a second 400 MVA, 230/115kV auto transformer at Thomson Primary substation.",Steady state,05_steady_state_projects.pdf,191,250,,,,,,,GPC
GA,202,2033,20759,WINDER PRIMARY 230KV BUS 1-2 PARALLEL BUS-TIE INSTALLATION,6/1/2033,GPC,REDACTED,REDACTED,REDACTED,REDACTED,REDACTED,01_expansion_plan_projects.pdf,14,20,https://psc.ga.gov/search/facts-document/?documentId=221233,2033-06-01,Install a 2nd 230kV bus - tie breaker at the Winder Primary Station.,Steady state,05_steady_state_projects.pdf,192,251,,,,,,,GPC
GA,216,2033,10487,PINE GROVE PRIMARY - WEST VALDOSTA 115 KV RECONDUCTOR,12/31/2033,GPC,REDACTED,REDACTED,REDACTED,REDACTED,REDACTED,01_expansion_plan_projects.pdf,14,20,https://psc.ga.gov/search/facts-document/?documentId=221233,2033-12-31,Rebuild 3.7 miles of 100C 4/0 ACSR conductor with 200C 795 ACSS Drake on the Bemis - Pine Grove Primary section of the Pine Grove Primary - West Valdosta 115kV line.,Steady state,05_steady_state_projects.pdf,193,252,,,,,,,GPC
GA,212,2034,18700,DAWSON CROSSING - GAINESVILLE #1 115 KV,6/1/2034,GPC,REDACTED,REDACTED,REDACTED,REDACTED,REDACTED,01_expansion_plan_projects.pdf,14,20,https://psc.ga.gov/search/facts-document/?documentId=221233,2034-06-01,"Replace the 500CU main bus at Gainesville #1 115kV with 3"" Sch 40 AL Tube.",Steady state,05_steady_state_projects.pdf,194,253,,,,,,,GPC
GA,215,2034,17993,EVANS PRIMARY - THOMSON PRIMARY 115KV REBUILD,12/31/2034,GPC,REDACTED,REDACTED,REDACTED,REDACTED,REDACTED,01_expansion_plan_projects.pdf,14,20,https://psc.ga.gov/search/facts-document/?documentId=221233,2034-12-31,"Rebuild the existing 100C 336 ACSR conductor for the Thomson Primary to Pumpkin Center 115kV line section (approximately 5.28 miles), part of the Evans Primary - Thomson Primary 115kV line with 200C 1351 ACSS Martin conductor.",Steady state,05_steady_state_projects.pdf,196,255,,,,,,,GPC
