utility,state,project_name,action_type,detected_actions,project_id,description,project_need,project_type,status,start_date,end_date,in_service_date,in_service_date_raw,in_service_dates,estimated_cost,currency,cost_basis,cost_previous,cost_2026,cost_2027,cost_2028,cost_2029,cost_2030,cost_total_difference,estimated_cost_raw,location,location_method,source_url,source_file,source_sha256,source_page,source_project_number,source_project_count,quality_flags
Dominion Energy South Carolina,SC,Summerville 115kV Loop: Rebuild,rebuild,rebuild,06810 H,Replacing several wood pole sections on the Summerville 115 kV Loop that have reached the end of life.,This project is required to address end of life and maintenance issues.,,In Progress,,,,04/31/26,[],15775885,USD,published_budget_total,13675885,2100000,0,0,0,0,0,"Previous 2026 2027 2028 2029 2030 Total $13,675,885 $2,100,000 $0 $0 $0 $0 $15,775,885",,unresolved,https://www.scrtp.com/assets/pdfs/home/2026-2030-2million-and-above-project-descriptions.pdf,scrtp_projects.pdf,e98bfeb86f2263f790f95f3510a9ab1e1b128c47e4ae633b8ccd27bedfea9b26,1,1,54,invalid_in_service_date:04/31/26
Dominion Energy South Carolina,SC,Scout 230 kV Sub and Fold-in: Construct,construct,construct,6853 B-F,Construct 230kV Transmission Line for Scout Customer Substation and modify VCS1 and Killian terminals.,Load growth.,,In Progress,,,2026-05-31,5/31/2026,"[""2026-05-31""]",19418000,USD,published_budget_total,17360044,2057956,2590000,0,0,0,-2590000,"Previous 2026 2027 2028 2029 2030 Total $17,360,044 $2,057,956 $2,590,000 $0 $0 $0 $19,418,000",,unresolved,https://www.scrtp.com/assets/pdfs/home/2026-2030-2million-and-above-project-descriptions.pdf,scrtp_projects.pdf,e98bfeb86f2263f790f95f3510a9ab1e1b128c47e4ae633b8ccd27bedfea9b26,3,3,54,cost_total_mismatch
Dominion Energy South Carolina,SC,Eastover – Sumter 115kV DEP Tie: Rebuild with 1272 ACSR,rebuild,rebuild,6846 A,Upgrade the DESC section (approx. 1 mile) of the tie line from 397.5 ACSR Ibis to 1272 ACSR.,This project is needed to improve system performance and to meet NERC TPL and internal DESC Planning Criteria for reliability.,,In Progress,,,2026-05-31,5/31/2026,"[""2026-05-31""]",1238443,USD,published_budget_total,88443,1150000,850000,0,0,0,-850000,"Previous 2026 2027 2028 2029 2030 Total $88,443 $1,150,000 $850,000 $0 $0 $0 $1,238,443",,unresolved,https://www.scrtp.com/assets/pdfs/home/2026-2030-2million-and-above-project-descriptions.pdf,scrtp_projects.pdf,e98bfeb86f2263f790f95f3510a9ab1e1b128c47e4ae633b8ccd27bedfea9b26,4,4,54,cost_total_mismatch
Dominion Energy South Carolina,SC,Batesburg - Saluda County 115kV: Rebuild,rebuild,rebuild,6809 N,Rebuild 13.5 miles of conductor.,Grid hardening.,,In Progress,,,,06/31/2026,[],13040765,USD,published_budget_total,12223765,817000,0,0,0,0,0,"Previous 2026 2027 2028 2029 2030 Total $12,223,765 $817,000 $0 $0 $0 $0 $13,040,765",,unresolved,https://www.scrtp.com/assets/pdfs/home/2026-2030-2million-and-above-project-descriptions.pdf,scrtp_projects.pdf,e98bfeb86f2263f790f95f3510a9ab1e1b128c47e4ae633b8ccd27bedfea9b26,5,5,54,invalid_in_service_date:06/31/2026
Dominion Energy South Carolina,SC,Dawson 230kV Sub and Fold-in: Construct and Rebuild,rebuild,construct;rebuild,6859,Construct Dawson 230kV substation. Fold in the existing Canadys – Church Creek and Canadys – Faber Place 230kV lines at the Dawson 230kV substation (phase 1). Rebuild Canadys – Dawson 230kV #1 and #2 with B1272 ACSR (phase 2).,Load growth.,,In Progress,,,,10/1/2025 (phase 1) and 10/1/2026 (phase 2),"[""2025-10-01"", ""2026-10-01""]",93603207,USD,published_budget_total,12978366,40860000,39764841,0,0,0,0,"Previous 2026 2027 2028 2029 2030 Total $12,978,366 $40,860,000 $39,764,841 $0 $0 $0 $93,603,207",,unresolved,https://www.scrtp.com/assets/pdfs/home/2026-2030-2million-and-above-project-descriptions.pdf,scrtp_projects.pdf,e98bfeb86f2263f790f95f3510a9ab1e1b128c47e4ae633b8ccd27bedfea9b26,8,8,54,multiple_in_service_dates
Dominion Energy South Carolina,SC,Jasper – Okatie 230 kV #2: Construct,construct,construct,06367 D - G,Construct a 230 kV line with B1272 ACSR from Jasper to Okatie 230/115kV Substation. The line is estimated to be 6.5 miles long. This makes Jasper a Medium Impact substation and will require a new CIP Hut.,This project is needed to improve system performance and to meet NERC TPL and internal DESC Planning Criteria for reliability.,,In Progress,,,2026-12-01,12/01/2026,"[""2026-12-01""]",19280474,USD,published_budget_total,14303648,4976826,0,0,0,0,0,"Previous 2026 2027 2028 2029 2030 Total $14,303648 $4,976,826 $0 $0 $0 $0 $19,280,474",,unresolved,https://www.scrtp.com/assets/pdfs/home/2026-2030-2million-and-above-project-descriptions.pdf,scrtp_projects.pdf,e98bfeb86f2263f790f95f3510a9ab1e1b128c47e4ae633b8ccd27bedfea9b26,12,12,54,nonstandard_cost_format
Dominion Energy South Carolina,SC,Saluda Hydro – Bush River 115kV #1 and #2 Tie Lines Rebuild,rebuild,rebuild,6870 A,Rebuild the existing Saluda Hydro – Bush River #1 and #2 Tie Lines to SPDC 1272.,This project is needed to improve system performance and to meet NERC TPL and internal DESC Planning Criteria for reliability.,,In Progress,,,2026-12-31,12/31/2026,"[""2026-12-31""]",20400000,USD,published_budget_total,2865825,15039175,2225000,0,0,0,270000,"Previous 2026 2027 2028 2029 2030 Total $2,865,825 $15,039,175 $2,225,000 $0 $0 $0 $20,400,000",,unresolved,https://www.scrtp.com/assets/pdfs/home/2026-2030-2million-and-above-project-descriptions.pdf,scrtp_projects.pdf,e98bfeb86f2263f790f95f3510a9ab1e1b128c47e4ae633b8ccd27bedfea9b26,15,15,54,cost_total_mismatch
Dominion Energy South Carolina,SC,Church Creek – Faber Place – Charleston Transmission: Add 230kV Line,other,,6847,"Construct a 230 kV transmission line from Church Creek to Charleston Transmission. The Church Creek – Faber Place 230kV and 115kV lines will be rebuilt, and a 230kV line will be added between Faber Place and Charleston Transmission. Add 230/115kV transformer at Charleston Transmission. Add/upgrade terminals and bus work at impacted substations.",This project is needed to improve system performance and to meet NERC TPL and internal DESC Planning Criteria for reliability.,,In Progress,,,2027-05-01,5/1/2027,"[""2027-05-01""]",22788174,USD,published_budget_total,9586174,9867000,3335000,5617468,0,0,-5617468,"Previous 2026 2027 2028 2029 2030 Total $9,586,174 $9,867,000 $3,335,000 $5,617,468 $0 $0 $22,788,174",,unresolved,https://www.scrtp.com/assets/pdfs/home/2026-2030-2million-and-above-project-descriptions.pdf,scrtp_projects.pdf,e98bfeb86f2263f790f95f3510a9ab1e1b128c47e4ae633b8ccd27bedfea9b26,16,16,54,cost_total_mismatch
Dominion Energy South Carolina,SC,St George - Sumter 230kV Tie: Rebuild Line from Santee Substation - Duke/Progress Energy Tie,rebuild,rebuild,6809 M,Rebuild Line from Santee Substation - Duke/Progress Energy Tie.,Grid hardening.,,Planned,,,2027-12-31,12/31/2027,"[""2027-12-31""]",4569331,USD,published_budget_total,219331,50000,4300000,0,0,0,0,"Previous 2026 2027 2028 2029 2030 Total $219,331 $50,000 $4,300,000 0 $0 $0 $4,569,331",,unresolved,https://www.scrtp.com/assets/pdfs/home/2026-2030-2million-and-above-project-descriptions.pdf,scrtp_projects.pdf,e98bfeb86f2263f790f95f3510a9ab1e1b128c47e4ae633b8ccd27bedfea9b26,19,19,54,duplicate_project_id
Dominion Energy South Carolina,SC,Elloree – Santee City 46 kV: Rebuild,rebuild,rebuild,6810 J,Rebuilding the 46 kV line between Elloree and Santee City. 8.35 miles.,System hardening,,In Progress,,,2027-12-31,12/31/2027,"[""2027-12-31""]",10294609,USD,published_budget_total,94609,100000,10000000,0,0,0,100000,"Previous 2026 2027 2028 2029 2030 Total $94,609 $100,000 $10,000,000 $0 $0 $0 $10,294,609",,unresolved,https://www.scrtp.com/assets/pdfs/home/2026-2030-2million-and-above-project-descriptions.pdf,scrtp_projects.pdf,e98bfeb86f2263f790f95f3510a9ab1e1b128c47e4ae633b8ccd27bedfea9b26,25,25,54,cost_total_mismatch
Dominion Energy South Carolina,SC,Williams-Summerville 230kV: Upgrade to SPDC B1272 ACSR,upgrade,upgrade,6388 A,Rebuild the section of the Williams - Summerville 230 kV line from Ladson Jct to Williams. Line to upgraded to B-1272 and designed for a future second circuit. Approximately 10 miles.,This project is needed to improve system performance and to meet NERC TPL and internal DESC Planning Criteria for reliability.,,Planned,,,2028-05-01,05/01/2028,"[""2028-05-01""]",31100000,USD,published_budget_total,10000,175000,22734648,8000000,0,0,180352,"Previous 2026 2027 2028 2029 2030 Total $10,000 $175,000 $22,734,648 $8,000,000 $0 $0 $31,100,000",,unresolved,https://www.scrtp.com/assets/pdfs/home/2026-2030-2million-and-above-project-descriptions.pdf,scrtp_projects.pdf,e98bfeb86f2263f790f95f3510a9ab1e1b128c47e4ae633b8ccd27bedfea9b26,31,31,54,cost_total_mismatch
Dominion Energy South Carolina,SC,Orangeburg #1 - Cameron Jct 46kV Line Rebuild,rebuild,rebuild,6809 F,"Rebuilding the 7.5 mile Orangeburg #1 – Cameron Jct. 46 kV Line. The line will be rebuilt on existing R/W using steel poles, 115 kV insulation, and 1272 ACSR Conductor",This project is required to address end of life and reliability issues on these lines.,,Planned,,,2028-12-31,12/31/2028,"[""2028-12-31""]",7912400,USD,published_budget_total,25000,0,125000,7550000,0,0,212400,"Previous 2026 2027 2028 2029 2030 Total $25,000 $0 $125,000 $7,550,000 $0 $0 $7,912,400",,unresolved,https://www.scrtp.com/assets/pdfs/home/2026-2030-2million-and-above-project-descriptions.pdf,scrtp_projects.pdf,e98bfeb86f2263f790f95f3510a9ab1e1b128c47e4ae633b8ccd27bedfea9b26,35,35,54,cost_total_mismatch
Dominion Energy South Carolina,SC,CAE Industrial Park - Springdale Sub 115kV: Replace Laminated Wood Polls.,replace,replace,6809 R,"There are 28 laminated wood poles on the CAE Industrial Park - Springdale Sub 115kV line, and 5 have been identified as ""rotten"" by OSMOSE inspections. Replace all 28 laminated wood poles.",System Hardening,,Planned,,,2028-12-31,12/31/2028,"[""2028-12-31""]",4450000,USD,published_budget_total,0,125000,1700000,2725000,0,0,-100000,"Previous 2026 2027 2028 2029 2030 Total $0 $125,000 $1,700,000 $2,725,000 $0 $0 $4,450,000",,unresolved,https://www.scrtp.com/assets/pdfs/home/2026-2030-2million-and-above-project-descriptions.pdf,scrtp_projects.pdf,e98bfeb86f2263f790f95f3510a9ab1e1b128c47e4ae633b8ccd27bedfea9b26,42,42,54,cost_total_mismatch
Dominion Energy South Carolina,SC,Canadys-Ritter 115KV: Rebuild SPDC 230/115KV 1272 (Approx 18 Miles),rebuild,rebuild,06076 A,Rebuild Canadys-Ritter 115 kV line as SPDC with 1272 ACSR. Project includes the rebuild of the Canadys - Ritter 115kV only. No 230kV work associated with this project. 17.5 miles,Growth Customer Commitment Transmission Line Design,,In Progress,,,2029-06-01,6/1/2029,"[""2029-06-01""]",38121795,USD,published_budget_total,1038795,500000,0,11875000,14708000,0,10000000,"Previous 2026 2027 2028 2029 2030 Total $1,038,795 $500,000 $0 $11,875,000 $14,708,000 $0 $38,121,795",,unresolved,https://www.scrtp.com/assets/pdfs/home/2026-2030-2million-and-above-project-descriptions.pdf,scrtp_projects.pdf,e98bfeb86f2263f790f95f3510a9ab1e1b128c47e4ae633b8ccd27bedfea9b26,44,44,54,cost_total_mismatch
Dominion Energy South Carolina,SC,Modoc – McCormick 115/46 kV Rebuild,rebuild,rebuild,6809 M,Rebuilding the section of 115/46kV line between Modoc and McCormick. Lines will be SPDC with 115 kV insulation on both sides.,System Hardening,,Planned,,,2029-12-31,12/31/29,"[""2029-12-31""]",19800000,USD,published_budget_total,0,275000,125000,7600000,11800000,0,0,"Previous 2026 2027 2028 2029 2030 Total $0 $275,000 $125,000 $7,600,000 $11,800,000 $0 $19,800,000",,unresolved,https://www.scrtp.com/assets/pdfs/home/2026-2030-2million-and-above-project-descriptions.pdf,scrtp_projects.pdf,e98bfeb86f2263f790f95f3510a9ab1e1b128c47e4ae633b8ccd27bedfea9b26,48,48,54,duplicate_project_id
