desc_project_key,desc_project_id,desc_project_name,gpc_corridor_family,gpc_project_ids,gpc_project_names,distance_km,gpc_closest_project_key,desc_nearest_longitude,desc_nearest_latitude,gpc_nearest_longitude,gpc_nearest_latitude,distance_method,desc_location_method,gpc_location_method,desc_in_service_date,gpc_need_date,desc_confidence,gpc_confidence,coordination_confidence,needs_manual_review
SC:scrtp_projects.pdf:14:6381,6381,Flat Rock 115kV Sub and Tap: Construct,EVANS PRIMARY - THURMOND DAM 115KV REBUILD,"['20793', '20794']","['EVANS PRIMARY - THURMOND DAM (USA) #5 115KV REBUILD', 'EVANS PRIMARY - THURMOND DAM (USA) #6 115KV REBUILD']",34.095039818723755,GA:01_expansion_plan_projects.pdf:13:20793,-81.804506,33.583436600000006,-82.16864810000001,33.54399419999999,nearest_route_or_point_local_meters,single_endpoint,single_endpoint,2026-12-31,2033-06-01,medium,high,low,True
SC:scrtp_projects.pdf:20:6809 G,6809 G,Hooks - Modoc 115/46 kV Rebuild,EVANS PRIMARY - THOMSON PRIMARY 115KV REBUILD,['17993'],['EVANS PRIMARY - THOMSON PRIMARY 115KV REBUILD'],24.885791687043906,GA:01_expansion_plan_projects.pdf:14:17993,-82.20150430000001,33.7362884,-82.249570625,33.51555434999998,nearest_route_or_point_local_meters,single_endpoint,endpoint_midpoint,2027-12-31,2034-12-31,high,medium,low,True
SC:scrtp_projects.pdf:20:6809 G,6809 G,Hooks - Modoc 115/46 kV Rebuild,EVANS PRIMARY - THURMOND DAM 115KV REBUILD,"['20793', '20794']","['EVANS PRIMARY - THURMOND DAM (USA) #5 115KV REBUILD', 'EVANS PRIMARY - THURMOND DAM (USA) #6 115KV REBUILD']",21.545416275732016,GA:01_expansion_plan_projects.pdf:13:20793,-82.20150430000001,33.7362884,-82.16864810000001,33.54399419999999,nearest_route_or_point_local_meters,single_endpoint,single_endpoint,2027-12-31,2033-06-01,high,high,low,True
SC:scrtp_projects.pdf:26:6810 O,6810 O,Urquhart – Aiken PSA 46 kV: Rebuild,EVANS PRIMARY - THOMSON PRIMARY 115KV REBUILD,['17993'],['EVANS PRIMARY - THOMSON PRIMARY 115KV REBUILD'],32.77311120784161,GA:01_expansion_plan_projects.pdf:14:17993,-81.91108065,33.432870300000005,-82.249570625,33.51555434999998,nearest_route_or_point_local_meters,single_endpoint,endpoint_midpoint,2027-12-31,2034-12-31,medium,medium,low,True
SC:scrtp_projects.pdf:26:6810 O,6810 O,Urquhart – Aiken PSA 46 kV: Rebuild,EVANS PRIMARY - THURMOND DAM 115KV REBUILD,"['20793', '20794']","['EVANS PRIMARY - THURMOND DAM (USA) #5 115KV REBUILD', 'EVANS PRIMARY - THURMOND DAM (USA) #6 115KV REBUILD']",26.924804778521953,GA:01_expansion_plan_projects.pdf:13:20793,-81.91108065,33.432870300000005,-82.16864810000001,33.54399419999999,nearest_route_or_point_local_meters,single_endpoint,single_endpoint,2027-12-31,2033-06-01,medium,high,low,True
SC:scrtp_projects.pdf:26:6810 O,6810 O,Urquhart – Aiken PSA 46 kV: Rebuild,GOSHEN AREA STRATEGIC SOLUTION,['21116'],['GOSHEN AREA STRATEGIC SOLUTION'],35.012800952634365,GA:01_expansion_plan_projects.pdf:11:21116,-81.91108065,33.432870300000005,-81.89130854999999,33.11762465,nearest_route_or_point_local_meters,single_endpoint,endpoint_midpoint,2027-12-31,2030-06-01,medium,medium,low,True
SC:scrtp_projects.pdf:48:6809 M,6809 M,Modoc – McCormick 115/46 kV Rebuild,EVANS PRIMARY - THOMSON PRIMARY 115KV REBUILD,['17993'],['EVANS PRIMARY - THOMSON PRIMARY 115KV REBUILD'],33.925520228771575,GA:01_expansion_plan_projects.pdf:14:17993,-82.24715402500001,33.82141225,-82.249570625,33.51555434999998,nearest_route_or_point_local_meters,endpoint_midpoint,endpoint_midpoint,2029-12-31,2034-12-31,medium,medium,low,True
SC:scrtp_projects.pdf:48:6809 M,6809 M,Modoc – McCormick 115/46 kV Rebuild,EVANS PRIMARY - THURMOND DAM 115KV REBUILD,"['20794', '20793']","['EVANS PRIMARY - THURMOND DAM (USA) #6 115KV REBUILD', 'EVANS PRIMARY - THURMOND DAM (USA) #5 115KV REBUILD']",31.62008724466958,GA:01_expansion_plan_projects.pdf:13:20794,-82.24715402500001,33.82141225,-82.16864810000001,33.54399419999999,nearest_route_or_point_local_meters,endpoint_midpoint,single_endpoint,2029-12-31,2033-06-01,medium,high,low,True
SC:scrtp_projects.pdf:49:6809 T,6809 T,Stevens Creek - Graniteville 115 kV: Rebuild,EVANS PRIMARY - THURMOND DAM 115KV REBUILD,"['20793', '20794']","['EVANS PRIMARY - THURMOND DAM (USA) #5 115KV REBUILD', 'EVANS PRIMARY - THURMOND DAM (USA) #6 115KV REBUILD']",34.095039818723755,GA:01_expansion_plan_projects.pdf:13:20793,-81.804506,33.583436600000006,-82.16864810000001,33.54399419999999,nearest_route_or_point_local_meters,single_endpoint,single_endpoint,2029-12-31,2033-06-01,high,high,low,True
SC:scrtp_projects.pdf:54:06810 F,06810 F,VCS2-Ward 230kV: Rebuild Line,EVANS PRIMARY - THOMSON PRIMARY 115KV REBUILD,['17993'],['EVANS PRIMARY - THOMSON PRIMARY 115KV REBUILD'],32.83717141866844,GA:01_expansion_plan_projects.pdf:14:17993,-81.91026152763327,33.433161193786674,-82.249570625,33.51555434999998,nearest_route_or_point_local_meters,saved_traced_route,endpoint_midpoint,2032-12-31,2034-12-31,medium,medium,medium,True
SC:scrtp_projects.pdf:54:06810 F,06810 F,VCS2-Ward 230kV: Rebuild Line,EVANS PRIMARY - THURMOND DAM 115KV REBUILD,"['20793', '20794']","['EVANS PRIMARY - THURMOND DAM (USA) #5 115KV REBUILD', 'EVANS PRIMARY - THURMOND DAM (USA) #6 115KV REBUILD']",26.977756962563543,GA:01_expansion_plan_projects.pdf:13:20793,-81.91026152763327,33.433161193786674,-82.16864810000001,33.54399419999999,nearest_route_or_point_local_meters,saved_traced_route,single_endpoint,2032-12-31,2033-06-01,medium,high,low,True
SC:scrtp_projects.pdf:54:06810 F,06810 F,VCS2-Ward 230kV: Rebuild Line,GOSHEN AREA STRATEGIC SOLUTION,['21116'],['GOSHEN AREA STRATEGIC SOLUTION'],29.783523050448352,GA:01_expansion_plan_projects.pdf:11:21116,-81.72449069942847,33.346665053627866,-81.89130854999999,33.11762465,nearest_route_or_point_local_meters,saved_traced_route,endpoint_midpoint,2032-12-31,2030-06-01,medium,medium,medium,True
SC:scrtp_projects.pdf:7:6852,6852,Urquhart – Toolebeck 115kV line: Rebuild,EVANS PRIMARY - THOMSON PRIMARY 115KV REBUILD,['17993'],['EVANS PRIMARY - THOMSON PRIMARY 115KV REBUILD'],32.74881746732902,GA:01_expansion_plan_projects.pdf:14:17993,-81.9114767,33.43251740000001,-82.249570625,33.51555434999998,nearest_route_or_point_local_meters,saved_traced_route,endpoint_midpoint,2026-08-12,2034-12-31,medium,medium,low,True
SC:scrtp_projects.pdf:7:6852,6852,Urquhart – Toolebeck 115kV line: Rebuild,EVANS PRIMARY - THURMOND DAM 115KV REBUILD,"['20793', '20794']","['EVANS PRIMARY - THURMOND DAM (USA) #5 115KV REBUILD', 'EVANS PRIMARY - THURMOND DAM (USA) #6 115KV REBUILD']",26.910090558810207,GA:01_expansion_plan_projects.pdf:13:20793,-81.9114767,33.43251740000001,-82.16864810000001,33.54399419999999,nearest_route_or_point_local_meters,saved_traced_route,single_endpoint,2026-08-12,2033-06-01,medium,high,low,True
SC:scrtp_projects.pdf:7:6852,6852,Urquhart – Toolebeck 115kV line: Rebuild,GOSHEN AREA STRATEGIC SOLUTION,['21116'],['GOSHEN AREA STRATEGIC SOLUTION'],34.506527836798135,GA:01_expansion_plan_projects.pdf:11:21116,-81.8987881,33.42867970000002,-81.89130854999999,33.11762465,nearest_route_or_point_local_meters,saved_traced_route,endpoint_midpoint,2026-08-12,2030-06-01,medium,medium,medium,True
